2026-09-10 01:38:40.812 xcodebuild[58325:3228493]  DVTFilePathFSEvents: Failed to start fs event stream.
2026-09-10 01:38:40.956 xcodebuild[58325:3228489] [MT] DVTDeveloperPaths: Failed to get length of DARWIN_USER_CACHE_DIR from confstr(3), error = Error Domain=NSPOSIXErrorDomain Code=5 "Input/output error". Using NSCachesDirectory instead.
2026-09-10 01:38:41.230 xcodebuild[58325:3228495] CoreSimulatorService connection became invalid.  Simulator services will no longer be available.
2026-09-10 01:38:41.230 xcodebuild[58325:3228494] Logging connecton invalid: <OS_xpc_error: <dictionary: 0x1fd0555f0> { count = 1, transaction: 0, voucher = 0x0, contents =
	"XPCErrorDescription" => <string: 0x1fd055730> { string cache = 0x0, length = 18, contents = "Connection invalid" }
}>
[-[SimServiceContext sendRequest:]:1751] ERROR : Unable to deliver request ({
    "developer_dir" = "/Applications/Xcode.app/Contents/Developer";
    request = "set_developer_dir";
}) because we are not connected to CoreSimulatorService.
Command line invocation:
    /Applications/Xcode.app/Contents/Developer/usr/bin/xcodebuild -project Sonexis.xcodeproj -scheme Sonexis -configuration Release -derivedDataPath .build/ReleaseAudit -destination platform=macOS build CODE_SIGNING_ALLOWED=NO ENABLE_TESTABILITY=YES

Build settings from command line:
    CODE_SIGNING_ALLOWED = NO
    ENABLE_TESTABILITY = YES

2026-09-10 01:38:41.282 xcodebuild[58325:3228489] [MT] DVTAssertions: Warning in DVTFrameworks/DVTFoundation/FileTypes/DVTFileDataTypeDetection.m:80
Details:  detectedTypeIdentifier (com.apple.xml-property-list) does not conform to matchedTypeIdentifier in MagicFileDataTypeDetector extenson com.apple.property-list. When both are specified, this conformance is required unless overridden by setting allowNonInheritance. extension.identifier:Xcode.MagicFileDataTypeDetector.XMLPlist
Object:   <DVTFileDataTypeDetectionMagicCache: 0xba7f2c2a0>
Method:   -initWithExtension:
Thread:   <_NSMainThread: 0x104cbdd40>{number = 1, name = main}
Please file a bug at https://feedbackassistant.apple.com with this warning message and any useful information you can provide.
2026-09-10 01:38:41.283 xcodebuild[58325:3228489] [MT] DVTAssertions: Warning in DVTFrameworks/DVTFoundation/FileTypes/DVTFileDataTypeDetection.m:80
Details:  detectedTypeIdentifier (com.apple.binary-property-list) does not conform to matchedTypeIdentifier in MagicFileDataTypeDetector extenson com.apple.property-list. When both are specified, this conformance is required unless overridden by setting allowNonInheritance. extension.identifier:Xcode.MagicFileDataTypeDetector.BinaryPlist
Object:   <DVTFileDataTypeDetectionMagicCache: 0xba7f2d110>
Method:   -initWithExtension:
Thread:   <_NSMainThread: 0x104cbdd40>{number = 1, name = main}
Please file a bug at https://feedbackassistant.apple.com with this warning message and any useful information you can provide.
[-[SimServiceContext initWithDeveloperDir:connectionType:error:]:432] WARN  : Unable to discover any Simulator runtimes. Developer Directory is /Applications/Xcode.app/Contents/Developer.
[-[SimDiskImageManager init]:175] ERROR : Could not kickstart simdiskimaged; SimDiskImageManager services will not be available: Error Domain=NSPOSIXErrorDomain Code=53 "Software caused connection abort" UserInfo={NSLocalizedDescription=Error returned in reply from CoreSimulatorService: Connection invalid}
[-[SimDiskImageManager _onQueue_checkConnection:]:239] ERROR : simdiskimaged returned error (invalid), marking disconnected.
[-[SimDiskImageManager _onQueue_checkConnection:]:239] ERROR : simdiskimaged returned error (invalid), marking disconnected.
[-[SimServiceContext initWithDeveloperDir:connectionType:error:]_block_invoke:468] ERROR : Could not get list of trusted mount directories: Error Domain=com.apple.CoreSimulator.SimError Code=410 "The service used to manage runtime disk images (simdiskimaged) crashed or is not responding" UserInfo={NSLocalizedDescription=The service used to manage runtime disk images (simdiskimaged) crashed or is not responding}
[-[SimServiceContext sendRequest:reply:error:]:1771] ERROR : Unable to deliver request ({
    request = "notification_subscription";
    "set_path" = "/Users/skandavyas/Library/Developer/CoreSimulator/Devices";
}) because we are not connected to CoreSimulatorService.
2026-09-10 01:38:41.312 xcodebuild[58325:3228494] Error Domain=NSPOSIXErrorDomain Code=61 "Connection refused" UserInfo={NSLocalizedDescription=CoreSimulatorService connection became invalid.  Simulator services will no longer be available.}
[-[SimServiceContext sendRequest:reply:error:]:1771] ERROR : Unable to deliver request ({
    request = "notification_subscription";
    "set_path" = "/Users/skandavyas/Library/Developer/CoreSimulator/Devices";
}) because we are not connected to CoreSimulatorService.
2026-09-10 01:38:41.313 xcodebuild[58325:3228493] Error Domain=NSPOSIXErrorDomain Code=61 "Connection refused" UserInfo={NSLocalizedDescription=CoreSimulatorService connection became invalid.  Simulator services will no longer be available.}
2026-09-10 01:38:41.313 xcodebuild[58325:3228494]  iOSSimulator: [SimServiceContext defaultDeviceSetWithError:] returned nil (Error Domain=NSPOSIXErrorDomain Code=61 "Connection refused" UserInfo={NSLocalizedFailureReason=Failed to subscribe to notifications from CoreSimulatorService., NSLocalizedDescription=Failed to initialize simulator device set., NSUnderlyingError=0xba7fd8810 {Error Domain=NSPOSIXErrorDomain Code=61 "Connection refused" UserInfo={NSLocalizedDescription=CoreSimulatorService connection became invalid.  Simulator services will no longer be available.}}}). Simulator device support disabled.
2026-09-10 01:38:41.314 xcodebuild[58325:3228493]  IDESimulatorAvailability: startObservingSimulatorUpdates() FAILED to register SimDeviceSet observer
--- xcodebuild: WARNING: Using the first of multiple matching destinations:
{ platform:macOS, arch:arm64, id:00008132-001A71CE1139001C, name:My Mac }
{ platform:macOS, arch:x86_64, id:00008132-001A71CE1139001C, name:My Mac }
ComputePackagePrebuildTargetDependencyGraph

Prepare packages

CreateBuildRequest

SendProjectDescription

CreateBuildOperation

ComputeTargetDependencyGraph
note: Building targets in dependency order
note: Target dependency graph (1 target)
    Target 'Sonexis' in project 'Sonexis' (no dependencies)

GatherProvisioningInputs

CreateBuildDescription

ExecuteExternalTool /Applications/Xcode.app/Contents/Developer/Toolchains/XcodeDefault.xctoolchain/usr/bin/clang -v -E -dM -isysroot /Applications/Xcode.app/Contents/Developer/Platforms/MacOSX.platform/Developer/SDKs/MacOSX26.5.sdk -x c -c /dev/null

ExecuteExternalTool /Applications/Xcode.app/Contents/Developer/Toolchains/XcodeDefault.xctoolchain/usr/bin/clang -v -E -dM -arch arm64 -isysroot /Applications/Xcode.app/Contents/Developer/Platforms/MacOSX.platform/Developer/SDKs/MacOSX26.5.sdk -x objective-c++ -c /dev/null

ExecuteExternalTool /Applications/Xcode.app/Contents/Developer/Toolchains/XcodeDefault.xctoolchain/usr/bin/clang -v -E -dM -arch arm64 -isysroot /Applications/Xcode.app/Contents/Developer/Platforms/MacOSX.platform/Developer/SDKs/MacOSX26.5.sdk -x c -c /dev/null

ExecuteExternalTool /Applications/Xcode.app/Contents/Developer/Toolchains/XcodeDefault.xctoolchain/usr/bin/clang -v -E -dM -arch arm64 -isysroot /Applications/Xcode.app/Contents/Developer/Platforms/MacOSX.platform/Developer/SDKs/MacOSX26.5.sdk -x c++ -c /dev/null

ExecuteExternalTool /Applications/Xcode.app/Contents/Developer/usr/bin/actool --version --output-format xml1

ExecuteExternalTool /Applications/Xcode.app/Contents/Developer/Toolchains/XcodeDefault.xctoolchain/usr/bin/swiftc --version

ExecuteExternalTool /Applications/Xcode.app/Contents/Developer/Toolchains/XcodeDefault.xctoolchain/usr/bin/ld -version_details

ExecuteExternalTool /Applications/Xcode.app/Contents/Developer/Toolchains/XcodeDefault.xctoolchain/usr/bin/clang -v -E -dM -arch x86_64 -isysroot /Applications/Xcode.app/Contents/Developer/Platforms/MacOSX.platform/Developer/SDKs/MacOSX26.5.sdk -x objective-c++ -c /dev/null

ExecuteExternalTool /Applications/Xcode.app/Contents/Developer/Toolchains/XcodeDefault.xctoolchain/usr/bin/clang -v -E -dM -arch x86_64 -isysroot /Applications/Xcode.app/Contents/Developer/Platforms/MacOSX.platform/Developer/SDKs/MacOSX26.5.sdk -x c -c /dev/null

ExecuteExternalTool /Applications/Xcode.app/Contents/Developer/Toolchains/XcodeDefault.xctoolchain/usr/bin/clang -v -E -dM -arch x86_64 -isysroot /Applications/Xcode.app/Contents/Developer/Platforms/MacOSX.platform/Developer/SDKs/MacOSX26.5.sdk -x c++ -c /dev/null

Build description signature: ce5764d417cbfa5c84a5e56f53ff9f65
Build description path: /Users/skandavyas/Sonexis/.build/ReleaseAudit/Build/Intermediates.noindex/XCBuildData/ce5764d417cbfa5c84a5e56f53ff9f65.xcbuilddata
ClangStatCache /Applications/Xcode.app/Contents/Developer/Toolchains/XcodeDefault.xctoolchain/usr/bin/clang-stat-cache /Applications/Xcode.app/Contents/Developer/Platforms/MacOSX.platform/Developer/SDKs/MacOSX26.5.sdk /Users/skandavyas/Sonexis/.build/ReleaseAudit/SDKStatCaches.noindex/macosx26.5-25F70-e082c4a02f00227109f4ed75e425c832.sdkstatcache
    cd /Users/skandavyas/Sonexis/Sonexis.xcodeproj
    /Applications/Xcode.app/Contents/Developer/Toolchains/XcodeDefault.xctoolchain/usr/bin/clang-stat-cache /Applications/Xcode.app/Contents/Developer/Platforms/MacOSX.platform/Developer/SDKs/MacOSX26.5.sdk -o /Users/skandavyas/Sonexis/.build/ReleaseAudit/SDKStatCaches.noindex/macosx26.5-25F70-e082c4a02f00227109f4ed75e425c832.sdkstatcache

CreateBuildDirectory /Users/skandavyas/Sonexis/.build/ReleaseAudit/Build/Products
    cd /Users/skandavyas/Sonexis/Sonexis.xcodeproj
    builtin-create-build-directory /Users/skandavyas/Sonexis/.build/ReleaseAudit/Build/Products

CreateBuildDirectory /Users/skandavyas/Sonexis/.build/ReleaseAudit/Build/Intermediates.noindex
    cd /Users/skandavyas/Sonexis/Sonexis.xcodeproj
    builtin-create-build-directory /Users/skandavyas/Sonexis/.build/ReleaseAudit/Build/Intermediates.noindex

CreateBuildDirectory /Users/skandavyas/Sonexis/.build/ReleaseAudit/Build/Intermediates.noindex/SwiftExplicitPrecompiledModules
    cd /Users/skandavyas/Sonexis/Sonexis.xcodeproj
    builtin-create-build-directory /Users/skandavyas/Sonexis/.build/ReleaseAudit/Build/Intermediates.noindex/SwiftExplicitPrecompiledModules

CreateBuildDirectory /Users/skandavyas/Sonexis/.build/ReleaseAudit/Build/Intermediates.noindex/ExplicitPrecompiledModules
    cd /Users/skandavyas/Sonexis/Sonexis.xcodeproj
    builtin-create-build-directory /Users/skandavyas/Sonexis/.build/ReleaseAudit/Build/Intermediates.noindex/ExplicitPrecompiledModules

CreateBuildDirectory /Users/skandavyas/Sonexis/.build/ReleaseAudit/Build/Intermediates.noindex/EagerLinkingTBDs/Release
    cd /Users/skandavyas/Sonexis/Sonexis.xcodeproj
    builtin-create-build-directory /Users/skandavyas/Sonexis/.build/ReleaseAudit/Build/Intermediates.noindex/EagerLinkingTBDs/Release

WriteAuxiliaryFile /Users/skandavyas/Sonexis/.build/ReleaseAudit/Build/Intermediates.noindex/Sonexis.build/Release/Sonexis-1ada259666c09a18e9e98c0ab64bb413-VFS/all-product-headers.yaml
    cd /Users/skandavyas/Sonexis/Sonexis.xcodeproj
    write-file /Users/skandavyas/Sonexis/.build/ReleaseAudit/Build/Intermediates.noindex/Sonexis.build/Release/Sonexis-1ada259666c09a18e9e98c0ab64bb413-VFS/all-product-headers.yaml

CreateBuildDirectory /Users/skandavyas/Sonexis/.build/ReleaseAudit/Build/Products/Release
    cd /Users/skandavyas/Sonexis/Sonexis.xcodeproj
    builtin-create-build-directory /Users/skandavyas/Sonexis/.build/ReleaseAudit/Build/Products/Release

WriteAuxiliaryFile /Users/skandavyas/Sonexis/.build/ReleaseAudit/Build/Intermediates.noindex/Sonexis.build/Release/Sonexis.build/Sonexis-all-target-headers.hmap (in target 'Sonexis' from project 'Sonexis')
    cd /Users/skandavyas/Sonexis
    write-file /Users/skandavyas/Sonexis/.build/ReleaseAudit/Build/Intermediates.noindex/Sonexis.build/Release/Sonexis.build/Sonexis-all-target-headers.hmap

WriteAuxiliaryFile /Users/skandavyas/Sonexis/.build/ReleaseAudit/Build/Intermediates.noindex/Sonexis.build/Release/Sonexis.build/Sonexis-own-target-headers.hmap (in target 'Sonexis' from project 'Sonexis')
    cd /Users/skandavyas/Sonexis
    write-file /Users/skandavyas/Sonexis/.build/ReleaseAudit/Build/Intermediates.noindex/Sonexis.build/Release/Sonexis.build/Sonexis-own-target-headers.hmap

WriteAuxiliaryFile /Users/skandavyas/Sonexis/.build/ReleaseAudit/Build/Intermediates.noindex/Sonexis.build/Release/Sonexis.build/Sonexis-all-non-framework-target-headers.hmap (in target 'Sonexis' from project 'Sonexis')
    cd /Users/skandavyas/Sonexis
    write-file /Users/skandavyas/Sonexis/.build/ReleaseAudit/Build/Intermediates.noindex/Sonexis.build/Release/Sonexis.build/Sonexis-all-non-framework-target-headers.hmap

WriteAuxiliaryFile /Users/skandavyas/Sonexis/.build/ReleaseAudit/Build/Intermediates.noindex/Sonexis.build/Release/Sonexis.build/Sonexis.hmap (in target 'Sonexis' from project 'Sonexis')
    cd /Users/skandavyas/Sonexis
    write-file /Users/skandavyas/Sonexis/.build/ReleaseAudit/Build/Intermediates.noindex/Sonexis.build/Release/Sonexis.build/Sonexis.hmap

WriteAuxiliaryFile /Users/skandavyas/Sonexis/.build/ReleaseAudit/Build/Intermediates.noindex/Sonexis.build/Release/Sonexis.build/Sonexis-generated-files.hmap (in target 'Sonexis' from project 'Sonexis')
    cd /Users/skandavyas/Sonexis
    write-file /Users/skandavyas/Sonexis/.build/ReleaseAudit/Build/Intermediates.noindex/Sonexis.build/Release/Sonexis.build/Sonexis-generated-files.hmap

WriteAuxiliaryFile /Users/skandavyas/Sonexis/.build/ReleaseAudit/Build/Intermediates.noindex/Sonexis.build/Release/Sonexis.build/Sonexis-project-headers.hmap (in target 'Sonexis' from project 'Sonexis')
    cd /Users/skandavyas/Sonexis
    write-file /Users/skandavyas/Sonexis/.build/ReleaseAudit/Build/Intermediates.noindex/Sonexis.build/Release/Sonexis.build/Sonexis-project-headers.hmap

WriteAuxiliaryFile /Users/skandavyas/Sonexis/.build/ReleaseAudit/Build/Intermediates.noindex/Sonexis.build/Release/Sonexis.build/Objects-normal/x86_64/Sonexis.LinkFileList (in target 'Sonexis' from project 'Sonexis')
    cd /Users/skandavyas/Sonexis
    write-file /Users/skandavyas/Sonexis/.build/ReleaseAudit/Build/Intermediates.noindex/Sonexis.build/Release/Sonexis.build/Objects-normal/x86_64/Sonexis.LinkFileList

WriteAuxiliaryFile /Users/skandavyas/Sonexis/.build/ReleaseAudit/Build/Intermediates.noindex/Sonexis.build/Release/Sonexis.build/Objects-normal/x86_64/Sonexis_const_extract_protocols.json (in target 'Sonexis' from project 'Sonexis')
    cd /Users/skandavyas/Sonexis
    write-file /Users/skandavyas/Sonexis/.build/ReleaseAudit/Build/Intermediates.noindex/Sonexis.build/Release/Sonexis.build/Objects-normal/x86_64/Sonexis_const_extract_protocols.json

WriteAuxiliaryFile /Users/skandavyas/Sonexis/.build/ReleaseAudit/Build/Intermediates.noindex/Sonexis.build/Release/Sonexis.build/Objects-normal/x86_64/af3fcb34312c57c0f52879cdce924b91-common-args.resp (in target 'Sonexis' from project 'Sonexis')
    cd /Users/skandavyas/Sonexis
    write-file /Users/skandavyas/Sonexis/.build/ReleaseAudit/Build/Intermediates.noindex/Sonexis.build/Release/Sonexis.build/Objects-normal/x86_64/af3fcb34312c57c0f52879cdce924b91-common-args.resp
'-std=gnu++20' -fobjc-arc -fobjc-weak -fmodules -fno-cxx-modules -gmodules '-fmodules-cache-path=/Users/skandavyas/Sonexis/.build/ReleaseAudit/ModuleCache.noindex' -fpascal-strings -Os -fno-common '-DNS_BLOCK_ASSERTIONS=1' '-DOBJC_OLD_DISPATCH_PROTOTYPES=0' -fasm-blocks -g -fvisibility-inlines-hidden -iquote /Users/skandavyas/Sonexis/.build/ReleaseAudit/Build/Intermediates.noindex/Sonexis.build/Release/Sonexis.build/Sonexis-generated-files.hmap -I/Users/skandavyas/Sonexis/.build/ReleaseAudit/Build/Intermediates.noindex/Sonexis.build/Release/Sonexis.build/Sonexis-own-target-headers.hmap -I/Users/skandavyas/Sonexis/.build/ReleaseAudit/Build/Intermediates.noindex/Sonexis.build/Release/Sonexis.build/Sonexis-all-target-headers.hmap -iquote /Users/skandavyas/Sonexis/.build/ReleaseAudit/Build/Intermediates.noindex/Sonexis.build/Release/Sonexis.build/Sonexis-project-headers.hmap -I/Users/skandavyas/Sonexis/.build/ReleaseAudit/Build/Products/Release/include -I/Users/skandavyas/Sonexis/External/rubberband/rubberband -I/Users/skandavyas/Sonexis/External/rubberband -I/Users/skandavyas/Sonexis/.build/ReleaseAudit/Build/Intermediates.noindex/Sonexis.build/Release/Sonexis.build/DerivedSources-normal/x86_64 -I/Users/skandavyas/Sonexis/.build/ReleaseAudit/Build/Intermediates.noindex/Sonexis.build/Release/Sonexis.build/DerivedSources/x86_64 -I/Users/skandavyas/Sonexis/.build/ReleaseAudit/Build/Intermediates.noindex/Sonexis.build/Release/Sonexis.build/DerivedSources -F/Users/skandavyas/Sonexis/.build/ReleaseAudit/Build/Products/Release

WriteAuxiliaryFile /Users/skandavyas/Sonexis/.build/ReleaseAudit/Build/Intermediates.noindex/Sonexis.build/Release/Sonexis.build/Sonexis.DependencyStaticMetadataFileList (in target 'Sonexis' from project 'Sonexis')
    cd /Users/skandavyas/Sonexis
    write-file /Users/skandavyas/Sonexis/.build/ReleaseAudit/Build/Intermediates.noindex/Sonexis.build/Release/Sonexis.build/Sonexis.DependencyStaticMetadataFileList

WriteAuxiliaryFile /Users/skandavyas/Sonexis/.build/ReleaseAudit/Build/Intermediates.noindex/Sonexis.build/Release/Sonexis.build/Sonexis.DependencyMetadataFileList (in target 'Sonexis' from project 'Sonexis')
    cd /Users/skandavyas/Sonexis
    write-file /Users/skandavyas/Sonexis/.build/ReleaseAudit/Build/Intermediates.noindex/Sonexis.build/Release/Sonexis.build/Sonexis.DependencyMetadataFileList

WriteAuxiliaryFile /Users/skandavyas/Sonexis/.build/ReleaseAudit/Build/Intermediates.noindex/Sonexis.build/Release/Sonexis.build/Objects-normal/x86_64/Sonexis.SwiftConstValuesFileList (in target 'Sonexis' from project 'Sonexis')
    cd /Users/skandavyas/Sonexis
    write-file /Users/skandavyas/Sonexis/.build/ReleaseAudit/Build/Intermediates.noindex/Sonexis.build/Release/Sonexis.build/Objects-normal/x86_64/Sonexis.SwiftConstValuesFileList

WriteAuxiliaryFile /Users/skandavyas/Sonexis/.build/ReleaseAudit/Build/Intermediates.noindex/Sonexis.build/Release/Sonexis.build/Objects-normal/x86_64/Sonexis.SwiftFileList (in target 'Sonexis' from project 'Sonexis')
    cd /Users/skandavyas/Sonexis
    write-file /Users/skandavyas/Sonexis/.build/ReleaseAudit/Build/Intermediates.noindex/Sonexis.build/Release/Sonexis.build/Objects-normal/x86_64/Sonexis.SwiftFileList

WriteAuxiliaryFile /Users/skandavyas/Sonexis/.build/ReleaseAudit/Build/Intermediates.noindex/Sonexis.build/Release/Sonexis.build/Objects-normal/x86_64/Sonexis-OutputFileMap.json (in target 'Sonexis' from project 'Sonexis')
    cd /Users/skandavyas/Sonexis
    write-file /Users/skandavyas/Sonexis/.build/ReleaseAudit/Build/Intermediates.noindex/Sonexis.build/Release/Sonexis.build/Objects-normal/x86_64/Sonexis-OutputFileMap.json

WriteAuxiliaryFile /Users/skandavyas/Sonexis/.build/ReleaseAudit/Build/Intermediates.noindex/Sonexis.build/Release/Sonexis.build/Objects-normal/x86_64/82b82416624d2658e5098eb0a28c15c5-common-args.resp (in target 'Sonexis' from project 'Sonexis')
    cd /Users/skandavyas/Sonexis
    write-file /Users/skandavyas/Sonexis/.build/ReleaseAudit/Build/Intermediates.noindex/Sonexis.build/Release/Sonexis.build/Objects-normal/x86_64/82b82416624d2658e5098eb0a28c15c5-common-args.resp
'-std=gnu++20' -fmodules -fno-cxx-modules -gmodules '-fmodules-cache-path=/Users/skandavyas/Sonexis/.build/ReleaseAudit/ModuleCache.noindex' -fpascal-strings -Os -fno-common -fasm-blocks -g -fvisibility-inlines-hidden -iquote /Users/skandavyas/Sonexis/.build/ReleaseAudit/Build/Intermediates.noindex/Sonexis.build/Release/Sonexis.build/Sonexis-generated-files.hmap -I/Users/skandavyas/Sonexis/.build/ReleaseAudit/Build/Intermediates.noindex/Sonexis.build/Release/Sonexis.build/Sonexis-own-target-headers.hmap -I/Users/skandavyas/Sonexis/.build/ReleaseAudit/Build/Intermediates.noindex/Sonexis.build/Release/Sonexis.build/Sonexis-all-target-headers.hmap -iquote /Users/skandavyas/Sonexis/.build/ReleaseAudit/Build/Intermediates.noindex/Sonexis.build/Release/Sonexis.build/Sonexis-project-headers.hmap -I/Users/skandavyas/Sonexis/.build/ReleaseAudit/Build/Products/Release/include -I/Users/skandavyas/Sonexis/External/rubberband/rubberband -I/Users/skandavyas/Sonexis/External/rubberband -I/Users/skandavyas/Sonexis/.build/ReleaseAudit/Build/Intermediates.noindex/Sonexis.build/Release/Sonexis.build/DerivedSources-normal/x86_64 -I/Users/skandavyas/Sonexis/.build/ReleaseAudit/Build/Intermediates.noindex/Sonexis.build/Release/Sonexis.build/DerivedSources/x86_64 -I/Users/skandavyas/Sonexis/.build/ReleaseAudit/Build/Intermediates.noindex/Sonexis.build/Release/Sonexis.build/DerivedSources -F/Users/skandavyas/Sonexis/.build/ReleaseAudit/Build/Products/Release

WriteAuxiliaryFile /Users/skandavyas/Sonexis/.build/ReleaseAudit/Build/Intermediates.noindex/Sonexis.build/Release/Sonexis.build/Objects-normal/x86_64/7187679823f38a2a940e0043cdf9d637-common-args.resp (in target 'Sonexis' from project 'Sonexis')
    cd /Users/skandavyas/Sonexis
    write-file /Users/skandavyas/Sonexis/.build/ReleaseAudit/Build/Intermediates.noindex/Sonexis.build/Release/Sonexis.build/Objects-normal/x86_64/7187679823f38a2a940e0043cdf9d637-common-args.resp
'-std=gnu17' -fmodules -gmodules '-fmodules-cache-path=/Users/skandavyas/Sonexis/.build/ReleaseAudit/ModuleCache.noindex' -fpascal-strings -Os -fno-common -fasm-blocks -g -iquote /Users/skandavyas/Sonexis/.build/ReleaseAudit/Build/Intermediates.noindex/Sonexis.build/Release/Sonexis.build/Sonexis-generated-files.hmap -I/Users/skandavyas/Sonexis/.build/ReleaseAudit/Build/Intermediates.noindex/Sonexis.build/Release/Sonexis.build/Sonexis-own-target-headers.hmap -I/Users/skandavyas/Sonexis/.build/ReleaseAudit/Build/Intermediates.noindex/Sonexis.build/Release/Sonexis.build/Sonexis-all-target-headers.hmap -iquote /Users/skandavyas/Sonexis/.build/ReleaseAudit/Build/Intermediates.noindex/Sonexis.build/Release/Sonexis.build/Sonexis-project-headers.hmap -I/Users/skandavyas/Sonexis/.build/ReleaseAudit/Build/Products/Release/include -I/Users/skandavyas/Sonexis/External/rubberband/rubberband -I/Users/skandavyas/Sonexis/External/rubberband -I/Users/skandavyas/Sonexis/.build/ReleaseAudit/Build/Intermediates.noindex/Sonexis.build/Release/Sonexis.build/DerivedSources-normal/x86_64 -I/Users/skandavyas/Sonexis/.build/ReleaseAudit/Build/Intermediates.noindex/Sonexis.build/Release/Sonexis.build/DerivedSources/x86_64 -I/Users/skandavyas/Sonexis/.build/ReleaseAudit/Build/Intermediates.noindex/Sonexis.build/Release/Sonexis.build/DerivedSources -F/Users/skandavyas/Sonexis/.build/ReleaseAudit/Build/Products/Release

WriteAuxiliaryFile /Users/skandavyas/Sonexis/.build/ReleaseAudit/Build/Intermediates.noindex/Sonexis.build/Release/Sonexis.build/Objects-normal/arm64/af3fcb34312c57c0f52879cdce924b91-common-args.resp (in target 'Sonexis' from project 'Sonexis')
    cd /Users/skandavyas/Sonexis
    write-file /Users/skandavyas/Sonexis/.build/ReleaseAudit/Build/Intermediates.noindex/Sonexis.build/Release/Sonexis.build/Objects-normal/arm64/af3fcb34312c57c0f52879cdce924b91-common-args.resp
'-std=gnu++20' -fobjc-arc -fobjc-weak -fmodules -fno-cxx-modules -gmodules '-fmodules-cache-path=/Users/skandavyas/Sonexis/.build/ReleaseAudit/ModuleCache.noindex' -fpascal-strings -Os -fno-common '-DNS_BLOCK_ASSERTIONS=1' '-DOBJC_OLD_DISPATCH_PROTOTYPES=0' -g -fvisibility-inlines-hidden -iquote /Users/skandavyas/Sonexis/.build/ReleaseAudit/Build/Intermediates.noindex/Sonexis.build/Release/Sonexis.build/Sonexis-generated-files.hmap -I/Users/skandavyas/Sonexis/.build/ReleaseAudit/Build/Intermediates.noindex/Sonexis.build/Release/Sonexis.build/Sonexis-own-target-headers.hmap -I/Users/skandavyas/Sonexis/.build/ReleaseAudit/Build/Intermediates.noindex/Sonexis.build/Release/Sonexis.build/Sonexis-all-target-headers.hmap -iquote /Users/skandavyas/Sonexis/.build/ReleaseAudit/Build/Intermediates.noindex/Sonexis.build/Release/Sonexis.build/Sonexis-project-headers.hmap -I/Users/skandavyas/Sonexis/.build/ReleaseAudit/Build/Products/Release/include -I/Users/skandavyas/Sonexis/External/rubberband/rubberband -I/Users/skandavyas/Sonexis/External/rubberband -I/Users/skandavyas/Sonexis/.build/ReleaseAudit/Build/Intermediates.noindex/Sonexis.build/Release/Sonexis.build/DerivedSources-normal/arm64 -I/Users/skandavyas/Sonexis/.build/ReleaseAudit/Build/Intermediates.noindex/Sonexis.build/Release/Sonexis.build/DerivedSources/arm64 -I/Users/skandavyas/Sonexis/.build/ReleaseAudit/Build/Intermediates.noindex/Sonexis.build/Release/Sonexis.build/DerivedSources -F/Users/skandavyas/Sonexis/.build/ReleaseAudit/Build/Products/Release

WriteAuxiliaryFile /Users/skandavyas/Sonexis/.build/ReleaseAudit/Build/Intermediates.noindex/Sonexis.build/Release/Sonexis.build/Objects-normal/arm64/Sonexis_const_extract_protocols.json (in target 'Sonexis' from project 'Sonexis')
    cd /Users/skandavyas/Sonexis
    write-file /Users/skandavyas/Sonexis/.build/ReleaseAudit/Build/Intermediates.noindex/Sonexis.build/Release/Sonexis.build/Objects-normal/arm64/Sonexis_const_extract_protocols.json

WriteAuxiliaryFile /Users/skandavyas/Sonexis/.build/ReleaseAudit/Build/Intermediates.noindex/Sonexis.build/Release/Sonexis.build/Objects-normal/arm64/Sonexis.SwiftFileList (in target 'Sonexis' from project 'Sonexis')
    cd /Users/skandavyas/Sonexis
    write-file /Users/skandavyas/Sonexis/.build/ReleaseAudit/Build/Intermediates.noindex/Sonexis.build/Release/Sonexis.build/Objects-normal/arm64/Sonexis.SwiftFileList

WriteAuxiliaryFile /Users/skandavyas/Sonexis/.build/ReleaseAudit/Build/Intermediates.noindex/Sonexis.build/Release/Sonexis.build/Objects-normal/arm64/Sonexis.SwiftConstValuesFileList (in target 'Sonexis' from project 'Sonexis')
    cd /Users/skandavyas/Sonexis
    write-file /Users/skandavyas/Sonexis/.build/ReleaseAudit/Build/Intermediates.noindex/Sonexis.build/Release/Sonexis.build/Objects-normal/arm64/Sonexis.SwiftConstValuesFileList

WriteAuxiliaryFile /Users/skandavyas/Sonexis/.build/ReleaseAudit/Build/Intermediates.noindex/Sonexis.build/Release/Sonexis.build/Objects-normal/arm64/Sonexis.LinkFileList (in target 'Sonexis' from project 'Sonexis')
    cd /Users/skandavyas/Sonexis
    write-file /Users/skandavyas/Sonexis/.build/ReleaseAudit/Build/Intermediates.noindex/Sonexis.build/Release/Sonexis.build/Objects-normal/arm64/Sonexis.LinkFileList

WriteAuxiliaryFile /Users/skandavyas/Sonexis/.build/ReleaseAudit/Build/Intermediates.noindex/Sonexis.build/Release/Sonexis.build/Objects-normal/arm64/Sonexis-OutputFileMap.json (in target 'Sonexis' from project 'Sonexis')
    cd /Users/skandavyas/Sonexis
    write-file /Users/skandavyas/Sonexis/.build/ReleaseAudit/Build/Intermediates.noindex/Sonexis.build/Release/Sonexis.build/Objects-normal/arm64/Sonexis-OutputFileMap.json

WriteAuxiliaryFile /Users/skandavyas/Sonexis/.build/ReleaseAudit/Build/Intermediates.noindex/Sonexis.build/Release/Sonexis.build/Objects-normal/arm64/82b82416624d2658e5098eb0a28c15c5-common-args.resp (in target 'Sonexis' from project 'Sonexis')
    cd /Users/skandavyas/Sonexis
    write-file /Users/skandavyas/Sonexis/.build/ReleaseAudit/Build/Intermediates.noindex/Sonexis.build/Release/Sonexis.build/Objects-normal/arm64/82b82416624d2658e5098eb0a28c15c5-common-args.resp
'-std=gnu++20' -fmodules -fno-cxx-modules -gmodules '-fmodules-cache-path=/Users/skandavyas/Sonexis/.build/ReleaseAudit/ModuleCache.noindex' -fpascal-strings -Os -fno-common -g -fvisibility-inlines-hidden -iquote /Users/skandavyas/Sonexis/.build/ReleaseAudit/Build/Intermediates.noindex/Sonexis.build/Release/Sonexis.build/Sonexis-generated-files.hmap -I/Users/skandavyas/Sonexis/.build/ReleaseAudit/Build/Intermediates.noindex/Sonexis.build/Release/Sonexis.build/Sonexis-own-target-headers.hmap -I/Users/skandavyas/Sonexis/.build/ReleaseAudit/Build/Intermediates.noindex/Sonexis.build/Release/Sonexis.build/Sonexis-all-target-headers.hmap -iquote /Users/skandavyas/Sonexis/.build/ReleaseAudit/Build/Intermediates.noindex/Sonexis.build/Release/Sonexis.build/Sonexis-project-headers.hmap -I/Users/skandavyas/Sonexis/.build/ReleaseAudit/Build/Products/Release/include -I/Users/skandavyas/Sonexis/External/rubberband/rubberband -I/Users/skandavyas/Sonexis/External/rubberband -I/Users/skandavyas/Sonexis/.build/ReleaseAudit/Build/Intermediates.noindex/Sonexis.build/Release/Sonexis.build/DerivedSources-normal/arm64 -I/Users/skandavyas/Sonexis/.build/ReleaseAudit/Build/Intermediates.noindex/Sonexis.build/Release/Sonexis.build/DerivedSources/arm64 -I/Users/skandavyas/Sonexis/.build/ReleaseAudit/Build/Intermediates.noindex/Sonexis.build/Release/Sonexis.build/DerivedSources -F/Users/skandavyas/Sonexis/.build/ReleaseAudit/Build/Products/Release

WriteAuxiliaryFile /Users/skandavyas/Sonexis/.build/ReleaseAudit/Build/Intermediates.noindex/Sonexis.build/Release/Sonexis.build/Objects-normal/arm64/7187679823f38a2a940e0043cdf9d637-common-args.resp (in target 'Sonexis' from project 'Sonexis')
    cd /Users/skandavyas/Sonexis
    write-file /Users/skandavyas/Sonexis/.build/ReleaseAudit/Build/Intermediates.noindex/Sonexis.build/Release/Sonexis.build/Objects-normal/arm64/7187679823f38a2a940e0043cdf9d637-common-args.resp
'-std=gnu17' -fmodules -gmodules '-fmodules-cache-path=/Users/skandavyas/Sonexis/.build/ReleaseAudit/ModuleCache.noindex' -fpascal-strings -Os -fno-common -g -iquote /Users/skandavyas/Sonexis/.build/ReleaseAudit/Build/Intermediates.noindex/Sonexis.build/Release/Sonexis.build/Sonexis-generated-files.hmap -I/Users/skandavyas/Sonexis/.build/ReleaseAudit/Build/Intermediates.noindex/Sonexis.build/Release/Sonexis.build/Sonexis-own-target-headers.hmap -I/Users/skandavyas/Sonexis/.build/ReleaseAudit/Build/Intermediates.noindex/Sonexis.build/Release/Sonexis.build/Sonexis-all-target-headers.hmap -iquote /Users/skandavyas/Sonexis/.build/ReleaseAudit/Build/Intermediates.noindex/Sonexis.build/Release/Sonexis.build/Sonexis-project-headers.hmap -I/Users/skandavyas/Sonexis/.build/ReleaseAudit/Build/Products/Release/include -I/Users/skandavyas/Sonexis/External/rubberband/rubberband -I/Users/skandavyas/Sonexis/External/rubberband -I/Users/skandavyas/Sonexis/.build/ReleaseAudit/Build/Intermediates.noindex/Sonexis.build/Release/Sonexis.build/DerivedSources-normal/arm64 -I/Users/skandavyas/Sonexis/.build/ReleaseAudit/Build/Intermediates.noindex/Sonexis.build/Release/Sonexis.build/DerivedSources/arm64 -I/Users/skandavyas/Sonexis/.build/ReleaseAudit/Build/Intermediates.noindex/Sonexis.build/Release/Sonexis.build/DerivedSources -F/Users/skandavyas/Sonexis/.build/ReleaseAudit/Build/Products/Release

MkDir /Users/skandavyas/Sonexis/.build/ReleaseAudit/Build/Products/Release/Sonexis.app/Contents/Resources (in target 'Sonexis' from project 'Sonexis')
    cd /Users/skandavyas/Sonexis
    /bin/mkdir -p /Users/skandavyas/Sonexis/.build/ReleaseAudit/Build/Products/Release/Sonexis.app/Contents/Resources

MkDir /Users/skandavyas/Sonexis/.build/ReleaseAudit/Build/Products/Release/Sonexis.app/Contents/MacOS (in target 'Sonexis' from project 'Sonexis')
    cd /Users/skandavyas/Sonexis
    /bin/mkdir -p /Users/skandavyas/Sonexis/.build/ReleaseAudit/Build/Products/Release/Sonexis.app/Contents/MacOS

MkDir /Users/skandavyas/Sonexis/.build/ReleaseAudit/Build/Products/Release/Sonexis.app/Contents (in target 'Sonexis' from project 'Sonexis')
    cd /Users/skandavyas/Sonexis
    /bin/mkdir -p /Users/skandavyas/Sonexis/.build/ReleaseAudit/Build/Products/Release/Sonexis.app/Contents

MkDir /Users/skandavyas/Sonexis/.build/ReleaseAudit/Build/Products/Release/Sonexis.app (in target 'Sonexis' from project 'Sonexis')
    cd /Users/skandavyas/Sonexis
    /bin/mkdir -p /Users/skandavyas/Sonexis/.build/ReleaseAudit/Build/Products/Release/Sonexis.app

MkDir /Users/skandavyas/Sonexis/.build/ReleaseAudit/Build/Intermediates.noindex/Sonexis.build/Release/Sonexis.build/assetcatalog_output/unthinned (in target 'Sonexis' from project 'Sonexis')
    cd /Users/skandavyas/Sonexis
    /bin/mkdir -p /Users/skandavyas/Sonexis/.build/ReleaseAudit/Build/Intermediates.noindex/Sonexis.build/Release/Sonexis.build/assetcatalog_output/unthinned

MkDir /Users/skandavyas/Sonexis/.build/ReleaseAudit/Build/Intermediates.noindex/Sonexis.build/Release/Sonexis.build/assetcatalog_output/thinned (in target 'Sonexis' from project 'Sonexis')
    cd /Users/skandavyas/Sonexis
    /bin/mkdir -p /Users/skandavyas/Sonexis/.build/ReleaseAudit/Build/Intermediates.noindex/Sonexis.build/Release/Sonexis.build/assetcatalog_output/thinned

GenerateAssetSymbols /Users/skandavyas/Sonexis/Sonexis/Assets.xcassets (in target 'Sonexis' from project 'Sonexis')
    cd /Users/skandavyas/Sonexis
    /Applications/Xcode.app/Contents/Developer/usr/bin/actool /Users/skandavyas/Sonexis/Sonexis/Assets.xcassets --compile /Users/skandavyas/Sonexis/.build/ReleaseAudit/Build/Products/Release/Sonexis.app/Contents/Resources --output-format human-readable-text --notices --warnings --export-dependency-info /Users/skandavyas/Sonexis/.build/ReleaseAudit/Build/Intermediates.noindex/Sonexis.build/Release/Sonexis.build/assetcatalog_dependencies --output-partial-info-plist /Users/skandavyas/Sonexis/.build/ReleaseAudit/Build/Intermediates.noindex/Sonexis.build/Release/Sonexis.build/assetcatalog_generated_info.plist --app-icon AppIcon --enable-on-demand-resources NO --development-region en --target-device mac --minimum-deployment-target 14.4 --platform macosx --bundle-identifier com.sonexis.app --generate-swift-asset-symbols /Users/skandavyas/Sonexis/.build/ReleaseAudit/Build/Intermediates.noindex/Sonexis.build/Release/Sonexis.build/DerivedSources/GeneratedAssetSymbols.swift --generate-objc-asset-symbols /Users/skandavyas/Sonexis/.build/ReleaseAudit/Build/Intermediates.noindex/Sonexis.build/Release/Sonexis.build/DerivedSources/GeneratedAssetSymbols.h --generate-asset-symbol-index /Users/skandavyas/Sonexis/.build/ReleaseAudit/Build/Intermediates.noindex/Sonexis.build/Release/Sonexis.build/DerivedSources/GeneratedAssetSymbols-Index.plist
2026-09-10 01:38:43.665 ibtoold[58360:3228714] CoreSimulatorService connection became invalid.  Simulator services will no longer be available.
2026-09-10 01:38:43.665 ibtoold[58360:3228725] Logging connecton invalid: <OS_xpc_error: <dictionary: 0x1fd0555f0> { count = 1, transaction: 0, voucher = 0x0, contents =
	"XPCErrorDescription" => <string: 0x1fd055730> { string cache = 0x0, length = 18, contents = "Connection invalid" }
}>
[-[SimServiceContext sendRequest:]:1751] ERROR : Unable to deliver request ({
    "developer_dir" = "/Applications/Xcode.app/Contents/Developer";
    request = "set_developer_dir";
}) because we are not connected to CoreSimulatorService.
[-[SimServiceContext initWithDeveloperDir:connectionType:error:]:432] WARN  : Unable to discover any Simulator runtimes. Developer Directory is /Applications/Xcode.app/Contents/Developer.
[-[SimDiskImageManager init]:175] ERROR : Could not kickstart simdiskimaged; SimDiskImageManager services will not be available: Error Domain=NSPOSIXErrorDomain Code=53 "Software caused connection abort" UserInfo={NSLocalizedDescription=Error returned in reply from CoreSimulatorService: Connection invalid}
[-[SimDiskImageManager _onQueue_checkConnection:]:239] ERROR : simdiskimaged returned error (invalid), marking disconnected.
[-[SimDiskImageManager _onQueue_checkConnection:]:219] ERROR : simdiskimaged connection is currently unavailable because connection became invalid
[-[SimServiceContext initWithDeveloperDir:connectionType:error:]_block_invoke:468] ERROR : Could not get list of trusted mount directories: Error Domain=com.apple.CoreSimulator.SimError Code=409 "Cannot talk to the service used to manage runtime disk images (simdiskimaged) because its launchd job is not registered or was unloaded" UserInfo={NSLocalizedDescription=Cannot talk to the service used to manage runtime disk images (simdiskimaged) because its launchd job is not registered or was unloaded}
[-[SimServiceContext sendRequest:reply:error:]:1771] ERROR : Unable to deliver request ({
    request = "notification_subscription";
    "set_path" = "/Users/skandavyas/Library/Developer/CoreSimulator/Devices";
}) because we are not connected to CoreSimulatorService.
2026-09-10 01:38:43.758 ibtoold[58360:3228712] Error Domain=NSPOSIXErrorDomain Code=61 "Connection refused" UserInfo={NSLocalizedDescription=CoreSimulatorService connection became invalid.  Simulator services will no longer be available.}
/* com.apple.actool.compilation-results */
/Users/skandavyas/Sonexis/.build/ReleaseAudit/Build/Intermediates.noindex/Sonexis.build/Release/Sonexis.build/DerivedSources/GeneratedAssetSymbols-Index.plist
/Users/skandavyas/Sonexis/.build/ReleaseAudit/Build/Intermediates.noindex/Sonexis.build/Release/Sonexis.build/DerivedSources/GeneratedAssetSymbols.h
/Users/skandavyas/Sonexis/.build/ReleaseAudit/Build/Intermediates.noindex/Sonexis.build/Release/Sonexis.build/DerivedSources/GeneratedAssetSymbols.swift


CpResource /Users/skandavyas/Sonexis/.build/ReleaseAudit/Build/Products/Release/Sonexis.app/Contents/Resources/StarterPresets.json /Users/skandavyas/Sonexis/Sonexis/StarterPresets.json (in target 'Sonexis' from project 'Sonexis')
    cd /Users/skandavyas/Sonexis
    builtin-copy -exclude .DS_Store -exclude CVS -exclude .svn -exclude .git -exclude .hg -resolve-src-symlinks /Users/skandavyas/Sonexis/Sonexis/StarterPresets.json /Users/skandavyas/Sonexis/.build/ReleaseAudit/Build/Products/Release/Sonexis.app/Contents/Resources

CompileAssetCatalogVariant thinned /Users/skandavyas/Sonexis/.build/ReleaseAudit/Build/Products/Release/Sonexis.app/Contents/Resources /Users/skandavyas/Sonexis/Sonexis/Assets.xcassets (in target 'Sonexis' from project 'Sonexis')
    cd /Users/skandavyas/Sonexis
    /Applications/Xcode.app/Contents/Developer/usr/bin/actool /Users/skandavyas/Sonexis/Sonexis/Assets.xcassets --compile /Users/skandavyas/Sonexis/.build/ReleaseAudit/Build/Intermediates.noindex/Sonexis.build/Release/Sonexis.build/assetcatalog_output/thinned --output-format human-readable-text --notices --warnings --export-dependency-info /Users/skandavyas/Sonexis/.build/ReleaseAudit/Build/Intermediates.noindex/Sonexis.build/Release/Sonexis.build/assetcatalog_dependencies_thinned --output-partial-info-plist /Users/skandavyas/Sonexis/.build/ReleaseAudit/Build/Intermediates.noindex/Sonexis.build/Release/Sonexis.build/assetcatalog_generated_info.plist_thinned --app-icon AppIcon --enable-on-demand-resources NO --development-region en --target-device mac --minimum-deployment-target 14.4 --platform macosx
2026-09-10 01:38:43.621 ibtoold[58361:3228715] CoreSimulatorService connection became invalid.  Simulator services will no longer be available.
2026-09-10 01:38:43.622 ibtoold[58361:3228724] Logging connecton invalid: <OS_xpc_error: <dictionary: 0x1fd0555f0> { count = 1, transaction: 0, voucher = 0x0, contents =
	"XPCErrorDescription" => <string: 0x1fd055730> { string cache = 0x0, length = 18, contents = "Connection invalid" }
}>
[-[SimServiceContext sendRequest:]:1751] ERROR : Unable to deliver request ({
    "developer_dir" = "/Applications/Xcode.app/Contents/Developer";
    request = "set_developer_dir";
}) because we are not connected to CoreSimulatorService.
[-[SimServiceContext initWithDeveloperDir:connectionType:error:]:432] WARN  : Unable to discover any Simulator runtimes. Developer Directory is /Applications/Xcode.app/Contents/Developer.
[-[SimDiskImageManager init]:175] ERROR : Could not kickstart simdiskimaged; SimDiskImageManager services will not be available: Error Domain=NSPOSIXErrorDomain Code=53 "Software caused connection abort" UserInfo={NSLocalizedDescription=Error returned in reply from CoreSimulatorService: Connection invalid}
[-[SimDiskImageManager _onQueue_checkConnection:]:239] ERROR : simdiskimaged returned error (invalid), marking disconnected.
[-[SimServiceContext initWithDeveloperDir:connectionType:error:]_block_invoke:468] ERROR : Could not get list of trusted mount directories: Error Domain=com.apple.CoreSimulator.SimError Code=410 "The service used to manage runtime disk images (simdiskimaged) crashed or is not responding" UserInfo={NSLocalizedDescription=The service used to manage runtime disk images (simdiskimaged) crashed or is not responding}
[-[SimDiskImageManager _onQueue_checkConnection:]:239] ERROR : simdiskimaged returned error (invalid), marking disconnected.
[-[SimServiceContext sendRequest:reply:error:]:1771] ERROR : Unable to deliver request ({
    request = "notification_subscription";
    "set_path" = "/Users/skandavyas/Library/Developer/CoreSimulator/Devices";
}) because we are not connected to CoreSimulatorService.
2026-09-10 01:38:43.732 ibtoold[58361:3228713] Error Domain=NSPOSIXErrorDomain Code=61 "Connection refused" UserInfo={NSLocalizedDescription=CoreSimulatorService connection became invalid.  Simulator services will no longer be available.}
/* com.apple.actool.compilation-results */
/Users/skandavyas/Sonexis/.build/ReleaseAudit/Build/Intermediates.noindex/Sonexis.build/Release/Sonexis.build/assetcatalog_generated_info.plist_thinned
/Users/skandavyas/Sonexis/.build/ReleaseAudit/Build/Intermediates.noindex/Sonexis.build/Release/Sonexis.build/assetcatalog_output/thinned/AppIcon.icns
/Users/skandavyas/Sonexis/.build/ReleaseAudit/Build/Intermediates.noindex/Sonexis.build/Release/Sonexis.build/assetcatalog_output/thinned/Assets.car


SwiftDriver Sonexis normal x86_64 com.apple.xcode.tools.swift.compiler (in target 'Sonexis' from project 'Sonexis')
    cd /Users/skandavyas/Sonexis
    builtin-SwiftDriver -- /Applications/Xcode.app/Contents/Developer/Toolchains/XcodeDefault.xctoolchain/usr/bin/swiftc -module-name Sonexis -O -whole-module-optimization @/Users/skandavyas/Sonexis/.build/ReleaseAudit/Build/Intermediates.noindex/Sonexis.build/Release/Sonexis.build/Objects-normal/x86_64/Sonexis.SwiftFileList -enable-bare-slash-regex -enable-experimental-feature DebugDescriptionMacro -sdk /Applications/Xcode.app/Contents/Developer/Platforms/MacOSX.platform/Developer/SDKs/MacOSX26.5.sdk -target x86_64-apple-macos14.4 -g -module-cache-path /Users/skandavyas/Sonexis/.build/ReleaseAudit/ModuleCache.noindex -Xfrontend -serialize-debugging-options -enable-testing -swift-version 5 -I /Users/skandavyas/Sonexis/.build/ReleaseAudit/Build/Products/Release -F /Users/skandavyas/Sonexis/.build/ReleaseAudit/Build/Products/Release -emit-localized-strings -emit-localized-strings-path /Users/skandavyas/Sonexis/.build/ReleaseAudit/Build/Intermediates.noindex/Sonexis.build/Release/Sonexis.build/Objects-normal/x86_64 -c -num-threads 10 -Xcc -ivfsstatcache -Xcc /Users/skandavyas/Sonexis/.build/ReleaseAudit/SDKStatCaches.noindex/macosx26.5-25F70-e082c4a02f00227109f4ed75e425c832.sdkstatcache -output-file-map /Users/skandavyas/Sonexis/.build/ReleaseAudit/Build/Intermediates.noindex/Sonexis.build/Release/Sonexis.build/Objects-normal/x86_64/Sonexis-OutputFileMap.json -use-frontend-parseable-output -save-temps -no-color-diagnostics -explicit-module-build -module-cache-path /Users/skandavyas/Sonexis/.build/ReleaseAudit/Build/Intermediates.noindex/SwiftExplicitPrecompiledModules -clang-scanner-module-cache-path /Users/skandavyas/Sonexis/.build/ReleaseAudit/ModuleCache.noindex -sdk-module-cache-path /Users/skandavyas/Sonexis/.build/ReleaseAudit/ModuleCache.noindex -serialize-diagnostics -emit-dependencies -emit-module -emit-module-path /Users/skandavyas/Sonexis/.build/ReleaseAudit/Build/Intermediates.noindex/Sonexis.build/Release/Sonexis.build/Objects-normal/x86_64/Sonexis.swiftmodule -validate-clang-modules-once -clang-build-session-file /Users/skandavyas/Sonexis/.build/ReleaseAudit/ModuleCache.noindex/Session.modulevalidation -Xcc -I/Users/skandavyas/Sonexis/.build/ReleaseAudit/Build/Intermediates.noindex/Sonexis.build/Release/Sonexis.build/swift-overrides.hmap -emit-const-values -Xfrontend -const-gather-protocols-file -Xfrontend /Users/skandavyas/Sonexis/.build/ReleaseAudit/Build/Intermediates.noindex/Sonexis.build/Release/Sonexis.build/Objects-normal/x86_64/Sonexis_const_extract_protocols.json -Xcc -iquote -Xcc /Users/skandavyas/Sonexis/.build/ReleaseAudit/Build/Intermediates.noindex/Sonexis.build/Release/Sonexis.build/Sonexis-generated-files.hmap -Xcc -I/Users/skandavyas/Sonexis/.build/ReleaseAudit/Build/Intermediates.noindex/Sonexis.build/Release/Sonexis.build/Sonexis-own-target-headers.hmap -Xcc -I/Users/skandavyas/Sonexis/.build/ReleaseAudit/Build/Intermediates.noindex/Sonexis.build/Release/Sonexis.build/Sonexis-all-target-headers.hmap -Xcc -iquote -Xcc /Users/skandavyas/Sonexis/.build/ReleaseAudit/Build/Intermediates.noindex/Sonexis.build/Release/Sonexis.build/Sonexis-project-headers.hmap -Xcc -I/Users/skandavyas/Sonexis/.build/ReleaseAudit/Build/Products/Release/include -Xcc -I/Users/skandavyas/Sonexis/External/rubberband/rubberband -Xcc -I/Users/skandavyas/Sonexis/External/rubberband -Xcc -I/Users/skandavyas/Sonexis/.build/ReleaseAudit/Build/Intermediates.noindex/Sonexis.build/Release/Sonexis.build/DerivedSources-normal/x86_64 -Xcc -I/Users/skandavyas/Sonexis/.build/ReleaseAudit/Build/Intermediates.noindex/Sonexis.build/Release/Sonexis.build/DerivedSources/x86_64 -Xcc -I/Users/skandavyas/Sonexis/.build/ReleaseAudit/Build/Intermediates.noindex/Sonexis.build/Release/Sonexis.build/DerivedSources -emit-objc-header -emit-objc-header-path /Users/skandavyas/Sonexis/.build/ReleaseAudit/Build/Intermediates.noindex/Sonexis.build/Release/Sonexis.build/Objects-normal/x86_64/Sonexis-Swift.h -import-objc-header /Users/skandavyas/Sonexis/Sonexis/Sonexis-Bridging-Header.h -working-directory /Users/skandavyas/Sonexis -no-emit-module-separately-wmo

SwiftDriver Sonexis normal arm64 com.apple.xcode.tools.swift.compiler (in target 'Sonexis' from project 'Sonexis')
    cd /Users/skandavyas/Sonexis
    builtin-SwiftDriver -- /Applications/Xcode.app/Contents/Developer/Toolchains/XcodeDefault.xctoolchain/usr/bin/swiftc -module-name Sonexis -O -whole-module-optimization @/Users/skandavyas/Sonexis/.build/ReleaseAudit/Build/Intermediates.noindex/Sonexis.build/Release/Sonexis.build/Objects-normal/arm64/Sonexis.SwiftFileList -enable-bare-slash-regex -enable-experimental-feature DebugDescriptionMacro -sdk /Applications/Xcode.app/Contents/Developer/Platforms/MacOSX.platform/Developer/SDKs/MacOSX26.5.sdk -target arm64-apple-macos14.4 -g -module-cache-path /Users/skandavyas/Sonexis/.build/ReleaseAudit/ModuleCache.noindex -Xfrontend -serialize-debugging-options -enable-testing -swift-version 5 -I /Users/skandavyas/Sonexis/.build/ReleaseAudit/Build/Products/Release -F /Users/skandavyas/Sonexis/.build/ReleaseAudit/Build/Products/Release -emit-localized-strings -emit-localized-strings-path /Users/skandavyas/Sonexis/.build/ReleaseAudit/Build/Intermediates.noindex/Sonexis.build/Release/Sonexis.build/Objects-normal/arm64 -c -num-threads 10 -Xcc -ivfsstatcache -Xcc /Users/skandavyas/Sonexis/.build/ReleaseAudit/SDKStatCaches.noindex/macosx26.5-25F70-e082c4a02f00227109f4ed75e425c832.sdkstatcache -output-file-map /Users/skandavyas/Sonexis/.build/ReleaseAudit/Build/Intermediates.noindex/Sonexis.build/Release/Sonexis.build/Objects-normal/arm64/Sonexis-OutputFileMap.json -use-frontend-parseable-output -save-temps -no-color-diagnostics -explicit-module-build -module-cache-path /Users/skandavyas/Sonexis/.build/ReleaseAudit/Build/Intermediates.noindex/SwiftExplicitPrecompiledModules -clang-scanner-module-cache-path /Users/skandavyas/Sonexis/.build/ReleaseAudit/ModuleCache.noindex -sdk-module-cache-path /Users/skandavyas/Sonexis/.build/ReleaseAudit/ModuleCache.noindex -serialize-diagnostics -emit-dependencies -emit-module -emit-module-path /Users/skandavyas/Sonexis/.build/ReleaseAudit/Build/Intermediates.noindex/Sonexis.build/Release/Sonexis.build/Objects-normal/arm64/Sonexis.swiftmodule -validate-clang-modules-once -clang-build-session-file /Users/skandavyas/Sonexis/.build/ReleaseAudit/ModuleCache.noindex/Session.modulevalidation -Xcc -I/Users/skandavyas/Sonexis/.build/ReleaseAudit/Build/Intermediates.noindex/Sonexis.build/Release/Sonexis.build/swift-overrides.hmap -emit-const-values -Xfrontend -const-gather-protocols-file -Xfrontend /Users/skandavyas/Sonexis/.build/ReleaseAudit/Build/Intermediates.noindex/Sonexis.build/Release/Sonexis.build/Objects-normal/arm64/Sonexis_const_extract_protocols.json -Xcc -iquote -Xcc /Users/skandavyas/Sonexis/.build/ReleaseAudit/Build/Intermediates.noindex/Sonexis.build/Release/Sonexis.build/Sonexis-generated-files.hmap -Xcc -I/Users/skandavyas/Sonexis/.build/ReleaseAudit/Build/Intermediates.noindex/Sonexis.build/Release/Sonexis.build/Sonexis-own-target-headers.hmap -Xcc -I/Users/skandavyas/Sonexis/.build/ReleaseAudit/Build/Intermediates.noindex/Sonexis.build/Release/Sonexis.build/Sonexis-all-target-headers.hmap -Xcc -iquote -Xcc /Users/skandavyas/Sonexis/.build/ReleaseAudit/Build/Intermediates.noindex/Sonexis.build/Release/Sonexis.build/Sonexis-project-headers.hmap -Xcc -I/Users/skandavyas/Sonexis/.build/ReleaseAudit/Build/Products/Release/include -Xcc -I/Users/skandavyas/Sonexis/External/rubberband/rubberband -Xcc -I/Users/skandavyas/Sonexis/External/rubberband -Xcc -I/Users/skandavyas/Sonexis/.build/ReleaseAudit/Build/Intermediates.noindex/Sonexis.build/Release/Sonexis.build/DerivedSources-normal/arm64 -Xcc -I/Users/skandavyas/Sonexis/.build/ReleaseAudit/Build/Intermediates.noindex/Sonexis.build/Release/Sonexis.build/DerivedSources/arm64 -Xcc -I/Users/skandavyas/Sonexis/.build/ReleaseAudit/Build/Intermediates.noindex/Sonexis.build/Release/Sonexis.build/DerivedSources -emit-objc-header -emit-objc-header-path /Users/skandavyas/Sonexis/.build/ReleaseAudit/Build/Intermediates.noindex/Sonexis.build/Release/Sonexis.build/Objects-normal/arm64/Sonexis-Swift.h -import-objc-header /Users/skandavyas/Sonexis/Sonexis/Sonexis-Bridging-Header.h -working-directory /Users/skandavyas/Sonexis -no-emit-module-separately-wmo

LinkAssetCatalog /Users/skandavyas/Sonexis/Sonexis/Assets.xcassets (in target 'Sonexis' from project 'Sonexis')
    cd /Users/skandavyas/Sonexis
    builtin-linkAssetCatalog --thinned /Users/skandavyas/Sonexis/.build/ReleaseAudit/Build/Intermediates.noindex/Sonexis.build/Release/Sonexis.build/assetcatalog_output/thinned --thinned-dependencies /Users/skandavyas/Sonexis/.build/ReleaseAudit/Build/Intermediates.noindex/Sonexis.build/Release/Sonexis.build/assetcatalog_dependencies_thinned --thinned-info-plist-content /Users/skandavyas/Sonexis/.build/ReleaseAudit/Build/Intermediates.noindex/Sonexis.build/Release/Sonexis.build/assetcatalog_generated_info.plist_thinned --unthinned /Users/skandavyas/Sonexis/.build/ReleaseAudit/Build/Intermediates.noindex/Sonexis.build/Release/Sonexis.build/assetcatalog_output/unthinned --unthinned-dependencies /Users/skandavyas/Sonexis/.build/ReleaseAudit/Build/Intermediates.noindex/Sonexis.build/Release/Sonexis.build/assetcatalog_dependencies_unthinned --unthinned-info-plist-content /Users/skandavyas/Sonexis/.build/ReleaseAudit/Build/Intermediates.noindex/Sonexis.build/Release/Sonexis.build/assetcatalog_generated_info.plist_unthinned --output /Users/skandavyas/Sonexis/.build/ReleaseAudit/Build/Products/Release/Sonexis.app/Contents/Resources --plist-output /Users/skandavyas/Sonexis/.build/ReleaseAudit/Build/Intermediates.noindex/Sonexis.build/Release/Sonexis.build/assetcatalog_generated_info.plist
note: Emplaced /Users/skandavyas/Sonexis/.build/ReleaseAudit/Build/Products/Release/Sonexis.app/Contents/Resources/AppIcon.icns (in target 'Sonexis' from project 'Sonexis')
note: Emplaced /Users/skandavyas/Sonexis/.build/ReleaseAudit/Build/Products/Release/Sonexis.app/Contents/Resources/Assets.car (in target 'Sonexis' from project 'Sonexis')

ProcessInfoPlistFile /Users/skandavyas/Sonexis/.build/ReleaseAudit/Build/Products/Release/Sonexis.app/Contents/Info.plist /Users/skandavyas/Sonexis/Sonexis/Info.plist (in target 'Sonexis' from project 'Sonexis')
    cd /Users/skandavyas/Sonexis
    builtin-infoPlistUtility /Users/skandavyas/Sonexis/Sonexis/Info.plist -producttype com.apple.product-type.application -genpkginfo /Users/skandavyas/Sonexis/.build/ReleaseAudit/Build/Products/Release/Sonexis.app/Contents/PkgInfo -expandbuildsettings -platform macosx -additionalcontentfile /Users/skandavyas/Sonexis/.build/ReleaseAudit/Build/Intermediates.noindex/Sonexis.build/Release/Sonexis.build/assetcatalog_generated_info.plist -o /Users/skandavyas/Sonexis/.build/ReleaseAudit/Build/Products/Release/Sonexis.app/Contents/Info.plist

SwiftDriver\ Compilation Sonexis normal x86_64 com.apple.xcode.tools.swift.compiler (in target 'Sonexis' from project 'Sonexis')
    cd /Users/skandavyas/Sonexis
    builtin-Swift-Compilation -- /Applications/Xcode.app/Contents/Developer/Toolchains/XcodeDefault.xctoolchain/usr/bin/swiftc -module-name Sonexis -O -whole-module-optimization @/Users/skandavyas/Sonexis/.build/ReleaseAudit/Build/Intermediates.noindex/Sonexis.build/Release/Sonexis.build/Objects-normal/x86_64/Sonexis.SwiftFileList -enable-bare-slash-regex -enable-experimental-feature DebugDescriptionMacro -sdk /Applications/Xcode.app/Contents/Developer/Platforms/MacOSX.platform/Developer/SDKs/MacOSX26.5.sdk -target x86_64-apple-macos14.4 -g -module-cache-path /Users/skandavyas/Sonexis/.build/ReleaseAudit/ModuleCache.noindex -Xfrontend -serialize-debugging-options -enable-testing -swift-version 5 -I /Users/skandavyas/Sonexis/.build/ReleaseAudit/Build/Products/Release -F /Users/skandavyas/Sonexis/.build/ReleaseAudit/Build/Products/Release -emit-localized-strings -emit-localized-strings-path /Users/skandavyas/Sonexis/.build/ReleaseAudit/Build/Intermediates.noindex/Sonexis.build/Release/Sonexis.build/Objects-normal/x86_64 -c -num-threads 10 -Xcc -ivfsstatcache -Xcc /Users/skandavyas/Sonexis/.build/ReleaseAudit/SDKStatCaches.noindex/macosx26.5-25F70-e082c4a02f00227109f4ed75e425c832.sdkstatcache -output-file-map /Users/skandavyas/Sonexis/.build/ReleaseAudit/Build/Intermediates.noindex/Sonexis.build/Release/Sonexis.build/Objects-normal/x86_64/Sonexis-OutputFileMap.json -use-frontend-parseable-output -save-temps -no-color-diagnostics -explicit-module-build -module-cache-path /Users/skandavyas/Sonexis/.build/ReleaseAudit/Build/Intermediates.noindex/SwiftExplicitPrecompiledModules -clang-scanner-module-cache-path /Users/skandavyas/Sonexis/.build/ReleaseAudit/ModuleCache.noindex -sdk-module-cache-path /Users/skandavyas/Sonexis/.build/ReleaseAudit/ModuleCache.noindex -serialize-diagnostics -emit-dependencies -emit-module -emit-module-path /Users/skandavyas/Sonexis/.build/ReleaseAudit/Build/Intermediates.noindex/Sonexis.build/Release/Sonexis.build/Objects-normal/x86_64/Sonexis.swiftmodule -validate-clang-modules-once -clang-build-session-file /Users/skandavyas/Sonexis/.build/ReleaseAudit/ModuleCache.noindex/Session.modulevalidation -Xcc -I/Users/skandavyas/Sonexis/.build/ReleaseAudit/Build/Intermediates.noindex/Sonexis.build/Release/Sonexis.build/swift-overrides.hmap -emit-const-values -Xfrontend -const-gather-protocols-file -Xfrontend /Users/skandavyas/Sonexis/.build/ReleaseAudit/Build/Intermediates.noindex/Sonexis.build/Release/Sonexis.build/Objects-normal/x86_64/Sonexis_const_extract_protocols.json -Xcc -iquote -Xcc /Users/skandavyas/Sonexis/.build/ReleaseAudit/Build/Intermediates.noindex/Sonexis.build/Release/Sonexis.build/Sonexis-generated-files.hmap -Xcc -I/Users/skandavyas/Sonexis/.build/ReleaseAudit/Build/Intermediates.noindex/Sonexis.build/Release/Sonexis.build/Sonexis-own-target-headers.hmap -Xcc -I/Users/skandavyas/Sonexis/.build/ReleaseAudit/Build/Intermediates.noindex/Sonexis.build/Release/Sonexis.build/Sonexis-all-target-headers.hmap -Xcc -iquote -Xcc /Users/skandavyas/Sonexis/.build/ReleaseAudit/Build/Intermediates.noindex/Sonexis.build/Release/Sonexis.build/Sonexis-project-headers.hmap -Xcc -I/Users/skandavyas/Sonexis/.build/ReleaseAudit/Build/Products/Release/include -Xcc -I/Users/skandavyas/Sonexis/External/rubberband/rubberband -Xcc -I/Users/skandavyas/Sonexis/External/rubberband -Xcc -I/Users/skandavyas/Sonexis/.build/ReleaseAudit/Build/Intermediates.noindex/Sonexis.build/Release/Sonexis.build/DerivedSources-normal/x86_64 -Xcc -I/Users/skandavyas/Sonexis/.build/ReleaseAudit/Build/Intermediates.noindex/Sonexis.build/Release/Sonexis.build/DerivedSources/x86_64 -Xcc -I/Users/skandavyas/Sonexis/.build/ReleaseAudit/Build/Intermediates.noindex/Sonexis.build/Release/Sonexis.build/DerivedSources -emit-objc-header -emit-objc-header-path /Users/skandavyas/Sonexis/.build/ReleaseAudit/Build/Intermediates.noindex/Sonexis.build/Release/Sonexis.build/Objects-normal/x86_64/Sonexis-Swift.h -import-objc-header /Users/skandavyas/Sonexis/Sonexis/Sonexis-Bridging-Header.h -working-directory /Users/skandavyas/Sonexis -no-emit-module-separately-wmo

SwiftExplicitDependencyGeneratePcm x86_64 /Users/skandavyas/Sonexis/.build/ReleaseAudit/ModuleCache.noindex/_Builtin_stdarg-BBV5E6VUGBLA215PRLB41IQL4.pcm

SwiftExplicitDependencyGeneratePcm x86_64 /Users/skandavyas/Sonexis/.build/ReleaseAudit/ModuleCache.noindex/_Builtin_stddef-C9WMY39LPETPOMD9HLLOIU2HJ.pcm

SwiftExplicitDependencyGeneratePcm x86_64 /Users/skandavyas/Sonexis/.build/ReleaseAudit/ModuleCache.noindex/_SwiftConcurrencyShims-17IWS56K9AW42RG882TQLARF4.pcm

SwiftExplicitDependencyGeneratePcm x86_64 /Users/skandavyas/Sonexis/.build/ReleaseAudit/ModuleCache.noindex/ptrcheck-9L6ZMYGKKQQ2TJRX9WNJIIRVN.pcm

SwiftExplicitDependencyGeneratePcm x86_64 /Users/skandavyas/Sonexis/.build/ReleaseAudit/ModuleCache.noindex/ptrauth-4LYQ3CF2AM703BNNCBHGJ4G9K.pcm

SwiftExplicitDependencyGeneratePcm x86_64 /Users/skandavyas/Sonexis/.build/ReleaseAudit/ModuleCache.noindex/_AvailabilityInternal-AZTRRR5VN0814E3LRCNEBVLU8.pcm

SwiftExplicitDependencyGeneratePcm x86_64 /Users/skandavyas/Sonexis/.build/ReleaseAudit/ModuleCache.noindex/DeveloperToolsSupport-4I2CH5DMV6T9AF92VKY9HOA1J.pcm

SwiftExplicitDependencyGeneratePcm x86_64 /Users/skandavyas/Sonexis/.build/ReleaseAudit/ModuleCache.noindex/CoreAudioKitPrivate-AF8USQJR6E75MWLRCDHHESZIV.pcm

SwiftExplicitDependencyGeneratePcm x86_64 /Users/skandavyas/Sonexis/.build/ReleaseAudit/ModuleCache.noindex/SwiftShims-5G5BSDLYHMWGD04PX9LNJN2FT.pcm

SwiftExplicitDependencyGeneratePcm x86_64 /Users/skandavyas/Sonexis/.build/ReleaseAudit/ModuleCache.noindex/_Builtin_float-D0L7CWKR3WJOVUZYH4QI2DG3.pcm

SwiftExplicitDependencyGeneratePcm arm64 /Users/skandavyas/Sonexis/.build/ReleaseAudit/ModuleCache.noindex/_AvailabilityInternal-5F2X7YPRUGZS89YY74YRD9SYP.pcm

SwiftExplicitDependencyGeneratePcm arm64 /Users/skandavyas/Sonexis/.build/ReleaseAudit/ModuleCache.noindex/_Builtin_float-4QVPISYCJ5L7ZFNMPIQHNZOIE.pcm

SwiftExplicitDependencyGeneratePcm arm64 /Users/skandavyas/Sonexis/.build/ReleaseAudit/ModuleCache.noindex/_Builtin_stddef-1Z4IW7N6XW7CENG7NKIVQZHP3.pcm

SwiftExplicitDependencyGeneratePcm arm64 /Users/skandavyas/Sonexis/.build/ReleaseAudit/ModuleCache.noindex/_Builtin_stdbool-BVF2TMUHL8L364YKWPB47RESQ.pcm

SwiftExplicitDependencyGeneratePcm arm64 /Users/skandavyas/Sonexis/.build/ReleaseAudit/ModuleCache.noindex/CoreAudioKitPrivate-7OD6SYRPPI9GLQUT7EXPAKB9I.pcm

SwiftExplicitDependencyGeneratePcm arm64 /Users/skandavyas/Sonexis/.build/ReleaseAudit/ModuleCache.noindex/ptrauth-78D2J5T9H3PQV5A26JW00V01W.pcm

SwiftExplicitDependencyGeneratePcm arm64 /Users/skandavyas/Sonexis/.build/ReleaseAudit/ModuleCache.noindex/_SwiftConcurrencyShims-AS2992H4AX2YABHYYF2ADG57U.pcm

SwiftExplicitDependencyGeneratePcm arm64 /Users/skandavyas/Sonexis/.build/ReleaseAudit/ModuleCache.noindex/_Builtin_stdarg-4Z6E4AK2GZO8NMV2VMS3F5N8G.pcm

SwiftExplicitDependencyGeneratePcm arm64 /Users/skandavyas/Sonexis/.build/ReleaseAudit/ModuleCache.noindex/SwiftShims-NSYKEC9BNYTBYSC8BWFBBNKO.pcm

SwiftExplicitDependencyGeneratePcm arm64 /Users/skandavyas/Sonexis/.build/ReleaseAudit/ModuleCache.noindex/DeveloperToolsSupport-AQF4UE6I1PJ1UJWFB79QTLYED.pcm

SwiftExplicitDependencyGeneratePcm x86_64 /Users/skandavyas/Sonexis/.build/ReleaseAudit/ModuleCache.noindex/_DarwinFoundation1-DBJPB46M45R9S6XIA2684HB3G.pcm

SwiftExplicitDependencyGeneratePcm arm64 /Users/skandavyas/Sonexis/.build/ReleaseAudit/ModuleCache.noindex/ptrcheck-DKMEUOWUMROH7EEQ6RTFURI2.pcm

SwiftExplicitDependencyGeneratePcm x86_64 /Users/skandavyas/Sonexis/.build/ReleaseAudit/ModuleCache.noindex/_Builtin_stdbool-C5EAKKZFK3GL0LKENOAOLMF8C.pcm

SwiftDriver\ Compilation Sonexis normal arm64 com.apple.xcode.tools.swift.compiler (in target 'Sonexis' from project 'Sonexis')
    cd /Users/skandavyas/Sonexis
    builtin-Swift-Compilation -- /Applications/Xcode.app/Contents/Developer/Toolchains/XcodeDefault.xctoolchain/usr/bin/swiftc -module-name Sonexis -O -whole-module-optimization @/Users/skandavyas/Sonexis/.build/ReleaseAudit/Build/Intermediates.noindex/Sonexis.build/Release/Sonexis.build/Objects-normal/arm64/Sonexis.SwiftFileList -enable-bare-slash-regex -enable-experimental-feature DebugDescriptionMacro -sdk /Applications/Xcode.app/Contents/Developer/Platforms/MacOSX.platform/Developer/SDKs/MacOSX26.5.sdk -target arm64-apple-macos14.4 -g -module-cache-path /Users/skandavyas/Sonexis/.build/ReleaseAudit/ModuleCache.noindex -Xfrontend -serialize-debugging-options -enable-testing -swift-version 5 -I /Users/skandavyas/Sonexis/.build/ReleaseAudit/Build/Products/Release -F /Users/skandavyas/Sonexis/.build/ReleaseAudit/Build/Products/Release -emit-localized-strings -emit-localized-strings-path /Users/skandavyas/Sonexis/.build/ReleaseAudit/Build/Intermediates.noindex/Sonexis.build/Release/Sonexis.build/Objects-normal/arm64 -c -num-threads 10 -Xcc -ivfsstatcache -Xcc /Users/skandavyas/Sonexis/.build/ReleaseAudit/SDKStatCaches.noindex/macosx26.5-25F70-e082c4a02f00227109f4ed75e425c832.sdkstatcache -output-file-map /Users/skandavyas/Sonexis/.build/ReleaseAudit/Build/Intermediates.noindex/Sonexis.build/Release/Sonexis.build/Objects-normal/arm64/Sonexis-OutputFileMap.json -use-frontend-parseable-output -save-temps -no-color-diagnostics -explicit-module-build -module-cache-path /Users/skandavyas/Sonexis/.build/ReleaseAudit/Build/Intermediates.noindex/SwiftExplicitPrecompiledModules -clang-scanner-module-cache-path /Users/skandavyas/Sonexis/.build/ReleaseAudit/ModuleCache.noindex -sdk-module-cache-path /Users/skandavyas/Sonexis/.build/ReleaseAudit/ModuleCache.noindex -serialize-diagnostics -emit-dependencies -emit-module -emit-module-path /Users/skandavyas/Sonexis/.build/ReleaseAudit/Build/Intermediates.noindex/Sonexis.build/Release/Sonexis.build/Objects-normal/arm64/Sonexis.swiftmodule -validate-clang-modules-once -clang-build-session-file /Users/skandavyas/Sonexis/.build/ReleaseAudit/ModuleCache.noindex/Session.modulevalidation -Xcc -I/Users/skandavyas/Sonexis/.build/ReleaseAudit/Build/Intermediates.noindex/Sonexis.build/Release/Sonexis.build/swift-overrides.hmap -emit-const-values -Xfrontend -const-gather-protocols-file -Xfrontend /Users/skandavyas/Sonexis/.build/ReleaseAudit/Build/Intermediates.noindex/Sonexis.build/Release/Sonexis.build/Objects-normal/arm64/Sonexis_const_extract_protocols.json -Xcc -iquote -Xcc /Users/skandavyas/Sonexis/.build/ReleaseAudit/Build/Intermediates.noindex/Sonexis.build/Release/Sonexis.build/Sonexis-generated-files.hmap -Xcc -I/Users/skandavyas/Sonexis/.build/ReleaseAudit/Build/Intermediates.noindex/Sonexis.build/Release/Sonexis.build/Sonexis-own-target-headers.hmap -Xcc -I/Users/skandavyas/Sonexis/.build/ReleaseAudit/Build/Intermediates.noindex/Sonexis.build/Release/Sonexis.build/Sonexis-all-target-headers.hmap -Xcc -iquote -Xcc /Users/skandavyas/Sonexis/.build/ReleaseAudit/Build/Intermediates.noindex/Sonexis.build/Release/Sonexis.build/Sonexis-project-headers.hmap -Xcc -I/Users/skandavyas/Sonexis/.build/ReleaseAudit/Build/Products/Release/include -Xcc -I/Users/skandavyas/Sonexis/External/rubberband/rubberband -Xcc -I/Users/skandavyas/Sonexis/External/rubberband -Xcc -I/Users/skandavyas/Sonexis/.build/ReleaseAudit/Build/Intermediates.noindex/Sonexis.build/Release/Sonexis.build/DerivedSources-normal/arm64 -Xcc -I/Users/skandavyas/Sonexis/.build/ReleaseAudit/Build/Intermediates.noindex/Sonexis.build/Release/Sonexis.build/DerivedSources/arm64 -Xcc -I/Users/skandavyas/Sonexis/.build/ReleaseAudit/Build/Intermediates.noindex/Sonexis.build/Release/Sonexis.build/DerivedSources -emit-objc-header -emit-objc-header-path /Users/skandavyas/Sonexis/.build/ReleaseAudit/Build/Intermediates.noindex/Sonexis.build/Release/Sonexis.build/Objects-normal/arm64/Sonexis-Swift.h -import-objc-header /Users/skandavyas/Sonexis/Sonexis/Sonexis-Bridging-Header.h -working-directory /Users/skandavyas/Sonexis -no-emit-module-separately-wmo

SwiftExplicitDependencyGeneratePcm arm64 /Users/skandavyas/Sonexis/.build/ReleaseAudit/ModuleCache.noindex/_DarwinFoundation1-4DQDTZS0G1PKJPTINPUCR5OIM.pcm

SwiftExplicitDependencyGeneratePcm x86_64 /Users/skandavyas/Sonexis/.build/ReleaseAudit/ModuleCache.noindex/_DarwinFoundation2-BYZ7Q9U3GQ6RY7HI4HFGLSE8Y.pcm

SwiftExplicitDependencyGeneratePcm x86_64 /Users/skandavyas/Sonexis/.build/ReleaseAudit/ModuleCache.noindex/_Builtin_limits-DN1LOIOFS5WX2MH37NMFHJS2E.pcm

SwiftExplicitDependencyGeneratePcm arm64 /Users/skandavyas/Sonexis/.build/ReleaseAudit/ModuleCache.noindex/_Builtin_limits-BFWCCL98H9SUQPZJROYE86QL4.pcm

SwiftExplicitDependencyGeneratePcm arm64 /Users/skandavyas/Sonexis/.build/ReleaseAudit/ModuleCache.noindex/_DarwinFoundation2-816K7KVD473W86EKNIOZPNSTY.pcm

SwiftExplicitDependencyGeneratePcm x86_64 /Users/skandavyas/Sonexis/.build/ReleaseAudit/ModuleCache.noindex/_Builtin_stdint-9A1PFIOBU7NZWNPIQ0QFMFQWK.pcm

SwiftExplicitDependencyGeneratePcm x86_64 /Users/skandavyas/Sonexis/.build/ReleaseAudit/ModuleCache.noindex/_Builtin_tgmath-934BUI30EWZJRAYN5WKOT7YBM.pcm

SwiftExplicitDependencyGeneratePcm x86_64 /Users/skandavyas/Sonexis/.build/ReleaseAudit/ModuleCache.noindex/sys_types-UI5GGUAX9WMUUH6NYDD6NW0Y.pcm

SwiftExplicitDependencyGeneratePcm x86_64 /Users/skandavyas/Sonexis/.build/ReleaseAudit/ModuleCache.noindex/libDER-3RYT84SIM2NYGC20NPZRGIXJV.pcm

SwiftExplicitDependencyGeneratePcm x86_64 /Users/skandavyas/Sonexis/.build/ReleaseAudit/ModuleCache.noindex/_Builtin_stdatomic-6SOFKA3LWZDE7H91ZQML9PTYG.pcm

SwiftExplicitDependencyGeneratePcm x86_64 /Users/skandavyas/Sonexis/.build/ReleaseAudit/ModuleCache.noindex/_DarwinFoundation3-66UGDKG0V2WMU22EU2QSXHNXG.pcm

SwiftExplicitDependencyGeneratePcm x86_64 /Users/skandavyas/Sonexis/.build/ReleaseAudit/ModuleCache.noindex/OpenGL-E6DPSAHLIXWARL5K0OUOO1VTX.pcm

SwiftExplicitDependencyGeneratePcm arm64 /Users/skandavyas/Sonexis/.build/ReleaseAudit/ModuleCache.noindex/_Builtin_tgmath-C9GOKZL1UJDX9QQWLBNS56ION.pcm

SwiftExplicitDependencyGeneratePcm arm64 /Users/skandavyas/Sonexis/.build/ReleaseAudit/ModuleCache.noindex/sys_types-DJNXXU1H6A8EH0TTWAHYHKKLV.pcm

SwiftExplicitDependencyGeneratePcm arm64 /Users/skandavyas/Sonexis/.build/ReleaseAudit/ModuleCache.noindex/_Builtin_stdint-7K31FP70KFWQ1VTQU24T8NPTJ.pcm

SwiftExplicitDependencyGeneratePcm arm64 /Users/skandavyas/Sonexis/.build/ReleaseAudit/ModuleCache.noindex/libDER-7D7ZUECRB5SQLN5WP2VV7IB83.pcm

SwiftExplicitDependencyGeneratePcm arm64 /Users/skandavyas/Sonexis/.build/ReleaseAudit/ModuleCache.noindex/OpenGL-CPSMT0U84N0KZI1O889WRP877.pcm

SwiftExplicitDependencyGeneratePcm arm64 /Users/skandavyas/Sonexis/.build/ReleaseAudit/ModuleCache.noindex/_DarwinFoundation3-CAXY6927E49PDRHZINZQPE9JK.pcm

SwiftExplicitDependencyGeneratePcm arm64 /Users/skandavyas/Sonexis/.build/ReleaseAudit/ModuleCache.noindex/_Builtin_intrinsics-B1CZACCGGSFT4FQQ7AYTSWAW1.pcm

SwiftExplicitDependencyGeneratePcm arm64 /Users/skandavyas/Sonexis/.build/ReleaseAudit/ModuleCache.noindex/_Builtin_stdatomic-513SPJNASC04ML5Z8TPS7GCZ9.pcm

SwiftExplicitDependencyGeneratePcm x86_64 /Users/skandavyas/Sonexis/.build/ReleaseAudit/ModuleCache.noindex/_Builtin_intrinsics-7YAZ4D99J2HC4AW04CN6ORNF6.pcm

SwiftExplicitDependencyGeneratePcm x86_64 /Users/skandavyas/Sonexis/.build/ReleaseAudit/ModuleCache.noindex/_Builtin_inttypes-1H7TBYB8I8N5M5435GPOXL1YD.pcm

SwiftExplicitDependencyGeneratePcm x86_64 /Users/skandavyas/Sonexis/.build/ReleaseAudit/ModuleCache.noindex/Darwin-1700SK2PT5QZXAF0H6H6GS0JL.pcm

SwiftExplicitDependencyGeneratePcm arm64 /Users/skandavyas/Sonexis/.build/ReleaseAudit/ModuleCache.noindex/_Builtin_inttypes-E6LK9D580SUBSHU82EB5ZNPU3.pcm

SwiftExplicitDependencyGeneratePcm arm64 /Users/skandavyas/Sonexis/.build/ReleaseAudit/ModuleCache.noindex/Darwin-DJ3CTQ5BVI0JHAE5IVUCTU0RI.pcm

SwiftExplicitDependencyGeneratePcm arm64 /Users/skandavyas/Sonexis/.build/ReleaseAudit/ModuleCache.noindex/simd-4NB28WHJ3IFT7GG83O36AMVNP.pcm

SwiftExplicitDependencyGeneratePcm x86_64 /Users/skandavyas/Sonexis/.build/ReleaseAudit/ModuleCache.noindex/simd-676VPOQP3YEJXAPCDBOXKAZDU.pcm

SwiftExplicitDependencyGeneratePcm x86_64 /Users/skandavyas/Sonexis/.build/ReleaseAudit/ModuleCache.noindex/MachO-1PJJRZL6409PNDSYKHZRXECEL.pcm

SwiftExplicitDependencyGeneratePcm x86_64 /Users/skandavyas/Sonexis/.build/ReleaseAudit/ModuleCache.noindex/libkern-2YLP8APJGNVFNZGDJL2LX2GOT.pcm

SwiftExplicitDependencyGeneratePcm x86_64 /Users/skandavyas/Sonexis/.build/ReleaseAudit/ModuleCache.noindex/launch-3K9V7Q4N2GZ36JF5Q1O4JZZW.pcm

SwiftExplicitDependencyGeneratePcm x86_64 /Users/skandavyas/Sonexis/.build/ReleaseAudit/ModuleCache.noindex/CUPS-178GG7GWAJJSIRTR8DTLQ974Z.pcm

SwiftExplicitDependencyGeneratePcm arm64 /Users/skandavyas/Sonexis/.build/ReleaseAudit/ModuleCache.noindex/CUPS-5FRZNZ57SVWPMEOVMZWSPC9OI.pcm

SwiftExplicitDependencyGeneratePcm arm64 /Users/skandavyas/Sonexis/.build/ReleaseAudit/ModuleCache.noindex/launch-B00RR3QFI0KG5TI45N3Z11K2M.pcm

SwiftExplicitDependencyGeneratePcm arm64 /Users/skandavyas/Sonexis/.build/ReleaseAudit/ModuleCache.noindex/libkern-AMD8PY4ZILPL93K3QKJP7BI5L.pcm

SwiftExplicitDependencyGeneratePcm arm64 /Users/skandavyas/Sonexis/.build/ReleaseAudit/ModuleCache.noindex/MachO-5E77CXBUZSUDK00HKXCFVL2AC.pcm

SwiftExplicitDependencyGeneratePcm x86_64 /Users/skandavyas/Sonexis/.build/ReleaseAudit/ModuleCache.noindex/ObjectiveC-7GH3ZDI437F4QQ5G7F1NI8OVE.pcm

SwiftExplicitDependencyGeneratePcm x86_64 /Users/skandavyas/Sonexis/.build/ReleaseAudit/ModuleCache.noindex/os_object-7R5I867V1XJ980M8WXIUZK07Z.pcm

SwiftExplicitDependencyGeneratePcm arm64 /Users/skandavyas/Sonexis/.build/ReleaseAudit/ModuleCache.noindex/Spatial-5R743OGYCCH54TIYY1SJZ3HXX.pcm

SwiftExplicitDependencyGeneratePcm arm64 /Users/skandavyas/Sonexis/.build/ReleaseAudit/ModuleCache.noindex/ObjectiveC-CTURF1AEKDQYIJX3K28BE71J7.pcm

SwiftExplicitDependencyGeneratePcm x86_64 /Users/skandavyas/Sonexis/.build/ReleaseAudit/ModuleCache.noindex/os_workgroup-4NMUWDMCLUI916CLX218YWTUF.pcm

SwiftExplicitDependencyGeneratePcm arm64 /Users/skandavyas/Sonexis/.build/ReleaseAudit/ModuleCache.noindex/os_object-7R9SFIBDHO24D4DM9RM6FZMD0.pcm

SwiftExplicitDependencyGeneratePcm x86_64 /Users/skandavyas/Sonexis/.build/ReleaseAudit/ModuleCache.noindex/Dispatch-634NPWLLHBX4ZZYOJN3VL0NFB.pcm

SwiftExplicitDependencyGeneratePcm arm64 /Users/skandavyas/Sonexis/.build/ReleaseAudit/ModuleCache.noindex/os_workgroup-AOTYNPRUVEVQ0D84K2ZPIAS6I.pcm

SwiftExplicitDependencyGeneratePcm x86_64 /Users/skandavyas/Sonexis/.build/ReleaseAudit/ModuleCache.noindex/Spatial-COKVREIQ81NQ3VXKZ89NJKS38.pcm

SwiftExplicitDependencyGeneratePcm x86_64 /Users/skandavyas/Sonexis/.build/ReleaseAudit/ModuleCache.noindex/XPC-36VYF83I7Y9B8FT1AFEPT98ZC.pcm

SwiftExplicitDependencyGeneratePcm x86_64 /Users/skandavyas/Sonexis/.build/ReleaseAudit/ModuleCache.noindex/CoreFoundation-1BEBRDDHJ9EU3TS0DWB2XBHD0.pcm

SwiftExplicitDependencyGeneratePcm arm64 /Users/skandavyas/Sonexis/.build/ReleaseAudit/ModuleCache.noindex/Dispatch-9GA7XL2U5GLIXVF07RY4NX7TJ.pcm

SwiftExplicitDependencyGeneratePcm x86_64 /Users/skandavyas/Sonexis/.build/ReleaseAudit/ModuleCache.noindex/os-EYZ0LB4M3JTXB6U4OORLI4TTK.pcm

SwiftExplicitDependencyGeneratePcm arm64 /Users/skandavyas/Sonexis/.build/ReleaseAudit/ModuleCache.noindex/XPC-7FBGHC1SWVUHTEY7YLM4JOFQ.pcm

SwiftExplicitDependencyGeneratePcm arm64 /Users/skandavyas/Sonexis/.build/ReleaseAudit/ModuleCache.noindex/CoreFoundation-MENQM21IU7VZNYLC246FPHKC.pcm

SwiftExplicitDependencyGeneratePcm x86_64 /Users/skandavyas/Sonexis/.build/ReleaseAudit/ModuleCache.noindex/IOKit-1UKEGOT6R69RG06TY2XMGCWB4.pcm

SwiftExplicitDependencyGeneratePcm x86_64 /Users/skandavyas/Sonexis/.build/ReleaseAudit/ModuleCache.noindex/CoreAudioTypes-BXSMQW1BZKUC0FNU33OS229LQ.pcm

SwiftExplicitDependencyGeneratePcm x86_64 /Users/skandavyas/Sonexis/.build/ReleaseAudit/ModuleCache.noindex/CFNetwork-DCS0G6NPN7WMEKEA9VQBHTCJ0.pcm

SwiftExplicitDependencyGeneratePcm x86_64 /Users/skandavyas/Sonexis/.build/ReleaseAudit/ModuleCache.noindex/Security-3SICAEDUKNWA13KQ5D2NFP3QT.pcm

SwiftExplicitDependencyGeneratePcm x86_64 /Users/skandavyas/Sonexis/.build/ReleaseAudit/ModuleCache.noindex/ColorSync-891H525SSJOAX48AN34VFTL95.pcm

SwiftExplicitDependencyGeneratePcm arm64 /Users/skandavyas/Sonexis/.build/ReleaseAudit/ModuleCache.noindex/os-7FV05QRP8RYC2MTMRTXAPBT7M.pcm

SwiftExplicitDependencyGeneratePcm arm64 /Users/skandavyas/Sonexis/.build/ReleaseAudit/ModuleCache.noindex/Security-BCEJ7VCUTWKR4G561TP88NAI0.pcm

SwiftExplicitDependencyGeneratePcm arm64 /Users/skandavyas/Sonexis/.build/ReleaseAudit/ModuleCache.noindex/ColorSync-EEBQ54PQP8UHJ3TPA2T2JTHEK.pcm

SwiftExplicitDependencyGeneratePcm arm64 /Users/skandavyas/Sonexis/.build/ReleaseAudit/ModuleCache.noindex/CoreAudioTypes-55Q5PVX97P3ETKDHHCX5UEKFF.pcm

SwiftExplicitDependencyGeneratePcm arm64 /Users/skandavyas/Sonexis/.build/ReleaseAudit/ModuleCache.noindex/IOKit-6CVJ1EPCXJ98LZW5UPO1T83B3.pcm

SwiftExplicitDependencyGeneratePcm arm64 /Users/skandavyas/Sonexis/.build/ReleaseAudit/ModuleCache.noindex/CFNetwork-3MXC2FU2IQYLCUQQ8O2IHD3E9.pcm

SwiftExplicitDependencyGeneratePcm x86_64 /Users/skandavyas/Sonexis/.build/ReleaseAudit/ModuleCache.noindex/DiskArbitration-5WVPCEE7T5GGGZ35WB3XT4O26.pcm

SwiftExplicitDependencyGeneratePcm x86_64 /Users/skandavyas/Sonexis/.build/ReleaseAudit/ModuleCache.noindex/CoreGraphics-D5LAR74WT6SEV3SURXZASE1J7.pcm

SwiftExplicitDependencyGeneratePcm x86_64 /Users/skandavyas/Sonexis/.build/ReleaseAudit/ModuleCache.noindex/CoreServices-CRQ145UJI4BCO41XYPELECCKN.pcm

SwiftExplicitDependencyGeneratePcm arm64 /Users/skandavyas/Sonexis/.build/ReleaseAudit/ModuleCache.noindex/DiskArbitration-90RX251RQ1GHROKVTCN4CGG23.pcm

SwiftExplicitDependencyGeneratePcm arm64 /Users/skandavyas/Sonexis/.build/ReleaseAudit/ModuleCache.noindex/CoreGraphics-6UYDVSVQGAVAYQ4O96EUCBPBJ.pcm

SwiftExplicitDependencyGeneratePcm x86_64 /Users/skandavyas/Sonexis/.build/ReleaseAudit/ModuleCache.noindex/ImageIO-BH6XYEF94O7F8ZVI3L3VQKOGL.pcm

SwiftExplicitDependencyGeneratePcm x86_64 /Users/skandavyas/Sonexis/.build/ReleaseAudit/ModuleCache.noindex/CoreText-BMKPK1QFV86SZZ055CKU691K7.pcm

SwiftExplicitDependencyGeneratePcm arm64 /Users/skandavyas/Sonexis/.build/ReleaseAudit/ModuleCache.noindex/CoreServices-BLZ6F2UCYWNWUMNAMJBFYUPEE.pcm

SwiftExplicitDependencyGeneratePcm arm64 /Users/skandavyas/Sonexis/.build/ReleaseAudit/ModuleCache.noindex/ImageIO-254RX673EGFTD0VTDECI0ZD3I.pcm

SwiftExplicitDependencyGeneratePcm arm64 /Users/skandavyas/Sonexis/.build/ReleaseAudit/ModuleCache.noindex/CoreText-BL9LH427PINCEHVTDQOVIF5E8.pcm

SwiftExplicitDependencyGeneratePcm x86_64 /Users/skandavyas/Sonexis/.build/ReleaseAudit/ModuleCache.noindex/Foundation-C08OFTI20HK66LT0TB7SK1E7T.pcm

SwiftExplicitDependencyGeneratePcm arm64 /Users/skandavyas/Sonexis/.build/ReleaseAudit/ModuleCache.noindex/Foundation-1JXHB2N8X6XDNQWKDUEORTTXS.pcm

SwiftExplicitDependencyGeneratePcm x86_64 /Users/skandavyas/Sonexis/.build/ReleaseAudit/ModuleCache.noindex/CoreTransferable-7B24UOBFX0LIOM9E64MWU2PG7.pcm

SwiftExplicitDependencyGeneratePcm x86_64 /Users/skandavyas/Sonexis/.build/ReleaseAudit/ModuleCache.noindex/Accessibility-DGYGT5BTGYEGMF04T2VWI681M.pcm

SwiftExplicitDependencyGeneratePcm x86_64 /Users/skandavyas/Sonexis/.build/ReleaseAudit/ModuleCache.noindex/CoreData-9YUN1VHGSD5EC47NTUU7F924S.pcm

SwiftExplicitDependencyGeneratePcm x86_64 /Users/skandavyas/Sonexis/.build/ReleaseAudit/ModuleCache.noindex/OSLog-2XQSYD707SWBOL0IWR6LQEGA4.pcm

SwiftExplicitDependencyGeneratePcm x86_64 /Users/skandavyas/Sonexis/.build/ReleaseAudit/ModuleCache.noindex/DataDetection-BK0F7RTLOOLGJC0GWMWZZFYKQ.pcm

SwiftExplicitDependencyGeneratePcm x86_64 /Users/skandavyas/Sonexis/.build/ReleaseAudit/ModuleCache.noindex/CoreAudio-5H3FX7R23TYMLBGNCC71AUO5W.pcm

SwiftExplicitDependencyGeneratePcm x86_64 /Users/skandavyas/Sonexis/.build/ReleaseAudit/ModuleCache.noindex/CoreMIDI-7U4I8Q13JBRNDV24SRA69DGJ4.pcm

SwiftExplicitDependencyGeneratePcm x86_64 /Users/skandavyas/Sonexis/.build/ReleaseAudit/ModuleCache.noindex/ApplicationServices-8J93GFU7UIHSPUPEH4R52J4H1.pcm

SwiftExplicitDependencyGeneratePcm x86_64 /Users/skandavyas/Sonexis/.build/ReleaseAudit/ModuleCache.noindex/IOSurface-EJXP8O20ALBCN023R74CUNTMG.pcm

SwiftExplicitDependencyGeneratePcm x86_64 /Users/skandavyas/Sonexis/.build/ReleaseAudit/ModuleCache.noindex/UniformTypeIdentifiers-848F57KXQL0ZB1PZ8XSSFELFK.pcm

SwiftExplicitDependencyGeneratePcm x86_64 /Users/skandavyas/Sonexis/.build/ReleaseAudit/ModuleCache.noindex/Symbols-DNQBJ6UCENLZA93N8CHCKUHA4.pcm

SwiftExplicitDependencyGeneratePcm arm64 /Users/skandavyas/Sonexis/.build/ReleaseAudit/ModuleCache.noindex/CoreData-43J7C4RFAYU9ORVMTBPTHJXME.pcm

SwiftExplicitDependencyGeneratePcm arm64 /Users/skandavyas/Sonexis/.build/ReleaseAudit/ModuleCache.noindex/CoreTransferable-EG5DOYIGIBVVUM0J9GU8JJ5Y6.pcm

SwiftExplicitDependencyGeneratePcm arm64 /Users/skandavyas/Sonexis/.build/ReleaseAudit/ModuleCache.noindex/DataDetection-AN2PIESMWF7TNZPUP188CG2RN.pcm

SwiftExplicitDependencyGeneratePcm arm64 /Users/skandavyas/Sonexis/.build/ReleaseAudit/ModuleCache.noindex/IOSurface-68XMPE8MRDEV58WYD96MJI3J3.pcm

SwiftExplicitDependencyGeneratePcm arm64 /Users/skandavyas/Sonexis/.build/ReleaseAudit/ModuleCache.noindex/Accessibility-AM6ODB51B09D14UG45S35EB1Q.pcm

SwiftExplicitDependencyGeneratePcm x86_64 /Users/skandavyas/Sonexis/.build/ReleaseAudit/ModuleCache.noindex/Metal-2046FPK5NGIART7UIFPWARCUC.pcm

SwiftExplicitDependencyGeneratePcm arm64 /Users/skandavyas/Sonexis/.build/ReleaseAudit/ModuleCache.noindex/CoreMIDI-C5GQ26RKQDA2W4N10GWJ82E29.pcm

SwiftExplicitDependencyGeneratePcm arm64 /Users/skandavyas/Sonexis/.build/ReleaseAudit/ModuleCache.noindex/UniformTypeIdentifiers-ECFRIDF6FNLFK3YSIU0E29AT2.pcm

SwiftExplicitDependencyGeneratePcm arm64 /Users/skandavyas/Sonexis/.build/ReleaseAudit/ModuleCache.noindex/Symbols-8N1PEGMURH76SKT3GSJLT16VY.pcm

SwiftExplicitDependencyGeneratePcm arm64 /Users/skandavyas/Sonexis/.build/ReleaseAudit/ModuleCache.noindex/OSLog-B76IDT5QQVM19I64TP2IOEPWS.pcm

SwiftExplicitDependencyGeneratePcm arm64 /Users/skandavyas/Sonexis/.build/ReleaseAudit/ModuleCache.noindex/ApplicationServices-5QPXVG0I9S1F1T0OD9CM7XVI9.pcm

SwiftExplicitDependencyGeneratePcm arm64 /Users/skandavyas/Sonexis/.build/ReleaseAudit/ModuleCache.noindex/Metal-B725VM0KBA1JTNX599V9PO1UL.pcm

SwiftExplicitDependencyGeneratePcm arm64 /Users/skandavyas/Sonexis/.build/ReleaseAudit/ModuleCache.noindex/CoreAudio-AC224QUMYSQ083JNDDROAMH73.pcm

SwiftExplicitDependencyGeneratePcm x86_64 /Users/skandavyas/Sonexis/.build/ReleaseAudit/ModuleCache.noindex/Carbon-8SO1QB9GAY0P8AXRVFYQ8QT85.pcm

SwiftExplicitDependencyGeneratePcm arm64 /Users/skandavyas/Sonexis/.build/ReleaseAudit/ModuleCache.noindex/Carbon-BSSJQAVH0OJPNXGTMB6USI8NP.pcm

SwiftExplicitDependencyGeneratePcm x86_64 /Users/skandavyas/Sonexis/.build/ReleaseAudit/ModuleCache.noindex/CoreVideo-556JMJM15VO284NLB806PTED7.pcm

SwiftExplicitDependencyGeneratePcm arm64 /Users/skandavyas/Sonexis/.build/ReleaseAudit/ModuleCache.noindex/CoreVideo-39VIQGKK431190O4SK6IBNFDS.pcm

SwiftExplicitDependencyGeneratePcm x86_64 /Users/skandavyas/Sonexis/.build/ReleaseAudit/ModuleCache.noindex/AudioToolbox-911IJMOT01LPSDD4YBDXGLRT4.pcm

SwiftExplicitDependencyGeneratePcm x86_64 /Users/skandavyas/Sonexis/.build/ReleaseAudit/ModuleCache.noindex/CoreMedia-B0POVOIEJ0ULZRO2YB5AJQ7PF.pcm

SwiftExplicitDependencyGeneratePcm x86_64 /Users/skandavyas/Sonexis/.build/ReleaseAudit/ModuleCache.noindex/CoreImage-CVSQI31H8HV3FG54BH926TDNE.pcm

SwiftExplicitDependencyGeneratePcm x86_64 /Users/skandavyas/Sonexis/.build/ReleaseAudit/ModuleCache.noindex/Accelerate-CK1S2WILXL3BY90MMFX1DZYH3.pcm

SwiftExplicitDependencyGeneratePcm x86_64 /Users/skandavyas/Sonexis/.build/ReleaseAudit/ModuleCache.noindex/QuartzCore-4CWBHZU7X5CGJ2SYBTITBVK89.pcm

SwiftExplicitDependencyGeneratePcm arm64 /Users/skandavyas/Sonexis/.build/ReleaseAudit/ModuleCache.noindex/Accelerate-3RIJ55RM53WKQX0A6WYNQW677.pcm

SwiftExplicitDependencyGeneratePcm arm64 /Users/skandavyas/Sonexis/.build/ReleaseAudit/ModuleCache.noindex/QuartzCore-34LVM5BPHV30K4KH5OR9JMF1C.pcm

SwiftExplicitDependencyGeneratePcm arm64 /Users/skandavyas/Sonexis/.build/ReleaseAudit/ModuleCache.noindex/CoreMedia-4VAWJSYWZ9MWMI1VDQDN0VYNX.pcm

SwiftExplicitDependencyGeneratePcm arm64 /Users/skandavyas/Sonexis/.build/ReleaseAudit/ModuleCache.noindex/CoreImage-6BJTYAM1A7XG47RTZC73H4S1P.pcm

SwiftExplicitDependencyGeneratePcm arm64 /Users/skandavyas/Sonexis/.build/ReleaseAudit/ModuleCache.noindex/AudioToolbox-EYJ2FN3J598U2L0AKR0KJC6W4.pcm

SwiftExplicitDependencyGeneratePcm x86_64 /Users/skandavyas/Sonexis/.build/ReleaseAudit/ModuleCache.noindex/AudioUnit-DH41O69Y9FYJS5ELPC12GKVUS.pcm

SwiftExplicitDependencyGeneratePcm x86_64 /Users/skandavyas/Sonexis/.build/ReleaseAudit/ModuleCache.noindex/SwiftUICore-9QQA25YF1GBT904G8NP3612I3.pcm

SwiftExplicitDependencyGeneratePcm x86_64 /Users/skandavyas/Sonexis/.build/ReleaseAudit/ModuleCache.noindex/MediaToolbox-F1Q1CXC5V0ND7GL4G9EF703LL.pcm

SwiftExplicitDependencyGeneratePcm x86_64 /Users/skandavyas/Sonexis/.build/ReleaseAudit/ModuleCache.noindex/AVFAudio-E8SBMUQYSCR2ZWDVPORP9L761.pcm

SwiftExplicitDependencyGeneratePcm x86_64 /Users/skandavyas/Sonexis/.build/ReleaseAudit/ModuleCache.noindex/AppKit-DHCBZL44DF9BLJ9OYMDASF3X2.pcm

SwiftExplicitDependencyGeneratePcm arm64 /Users/skandavyas/Sonexis/.build/ReleaseAudit/ModuleCache.noindex/SwiftUICore-4IMQK93CYL79YY4HY3PRL1N6E.pcm

SwiftExplicitDependencyGeneratePcm arm64 /Users/skandavyas/Sonexis/.build/ReleaseAudit/ModuleCache.noindex/AppKit-97E8HM9ZGY9FVYHY18E1VNK1Y.pcm

SwiftExplicitDependencyGeneratePcm arm64 /Users/skandavyas/Sonexis/.build/ReleaseAudit/ModuleCache.noindex/AudioUnit-60Q4Z5W4RW338S4SMXBJDQZAV.pcm

SwiftExplicitDependencyGeneratePcm arm64 /Users/skandavyas/Sonexis/.build/ReleaseAudit/ModuleCache.noindex/AVFAudio-1K49NPQW43HR4C4FXTW9IFYMU.pcm

SwiftExplicitDependencyGeneratePcm arm64 /Users/skandavyas/Sonexis/.build/ReleaseAudit/ModuleCache.noindex/MediaToolbox-C4OGR6I5ZK73ODHK6XYYMEDZ3.pcm

SwiftExplicitDependencyGeneratePcm x86_64 /Users/skandavyas/Sonexis/.build/ReleaseAudit/ModuleCache.noindex/AVFoundation-8YZHWJJKX9HOVRFWE9PNCLQE9.pcm

SwiftExplicitDependencyGeneratePcm arm64 /Users/skandavyas/Sonexis/.build/ReleaseAudit/ModuleCache.noindex/AVFoundation-CR98LH7YZWRJM1S9DVC28NET7.pcm

SwiftExplicitDependencyGeneratePcm x86_64 /Users/skandavyas/Sonexis/.build/ReleaseAudit/ModuleCache.noindex/Cocoa-CDV52A5PN72BHVMA0D883SEUP.pcm

SwiftExplicitDependencyGeneratePcm x86_64 /Users/skandavyas/Sonexis/.build/ReleaseAudit/ModuleCache.noindex/SwiftUI-4C19RCWSBVYMDC2ESLQZ30KQ3.pcm

SwiftExplicitDependencyGeneratePcm x86_64 /Users/skandavyas/Sonexis/.build/ReleaseAudit/ModuleCache.noindex/CoreAudioKit-Y6B5OEPPUNHC3KV9V9Z0LCYF.pcm

SwiftExplicitDependencyGeneratePcm arm64 /Users/skandavyas/Sonexis/.build/ReleaseAudit/ModuleCache.noindex/SwiftUI-C4RO7WMOTI83HCOXYTCPIMRR0.pcm

SwiftExplicitDependencyGeneratePcm arm64 /Users/skandavyas/Sonexis/.build/ReleaseAudit/ModuleCache.noindex/Cocoa-C83F9MHSKOZD2YLIIQ5RP51A2.pcm

SwiftExplicitDependencyGeneratePcm arm64 /Users/skandavyas/Sonexis/.build/ReleaseAudit/ModuleCache.noindex/CoreAudioKit-1J1KI99K9BCPQ53BXP8XRAXC2.pcm

SwiftGeneratePch normal x86_64 Compiling\ bridging\ header (in target 'Sonexis' from project 'Sonexis')

SwiftDriverJobDiscovery normal x86_64 Compiling bridging header (in target 'Sonexis' from project 'Sonexis')

SwiftCompile normal x86_64 Compiling\ ChainWorkspace.swift,\ MultiChainAudioEngine.swift,\ ProcessTapSelection.swift,\ AudioCaptureTarget.swift,\ MenuBarController.swift,\ AudioRecordingSession.swift,\ GraphOutputTransition.swift,\ GraphRoutingPlan.swift,\ DesignSystem.swift,\ TutorialCardView.swift,\ EffectType.swift,\ EffectBlock.swift,\ EffectChain.swift,\ GraphModels.swift,\ PluginModels.swift,\ PresetModels.swift,\ PluginManager.swift,\ AdvancedModels.swift,\ ProjectModels.swift,\ CanvasView.swift,\ PluginEditorView.swift,\ CanvasDropDelegate.swift,\ InsertionIndicator.swift,\ EffectTray.swift,\ StartEndNodes.swift,\ FlowConnection.swift,\ FlowLine.swift,\ EffectBlockHorizontal.swift,\ EffectParametersViewCompact.swift,\ SupportingTypes.swift,\ ContentView.swift,\ OnboardingOverlay.swift,\ EngineStoppedAlert.swift,\ LoadPresetDialog.swift,\ HomeView.swift,\ OverlayKeyCapture.swift,\ AppTopBar.swift,\ TutorialTypes.swift,\ TutorialController.swift,\ TutorialOverlay.swift,\ SavePresetDialog.swift,\ HeaderView.swift,\ PresetView.swift,\ SonexisApp.swift,\ AudioEngine.swift,\ PluginHosting.swift,\ Effects.swift,\ Graph.swift,\ IO.swift,\ Lifecycle.swift,\ Presets.swift,\ Routing.swift,\ PresetManager.swift,\ WorkspaceStore.swift,\ EditorWindowController.swift,\ AudioOutputEngine.swift,\ CoreAudioSupport.swift,\ DSPConfiguration.swift,\ DSPProcessor.swift,\ ProcessTapDSPApp.swift,\ ProcessTapDSPEngine.swift,\ RealtimeRingBuffer.swift,\ TapCaptureEngine.swift,\ ProcessTapBackend.swift,\ ProcessTapProcessingWorker.swift,\ GeneratedAssetSymbols.swift /Users/skandavyas/Sonexis/Sonexis/ContentView/ChainWorkspace.swift /Users/skandavyas/Sonexis/Sonexis/AudioEngine/MultiChainAudioEngine.swift /Users/skandavyas/Sonexis/Sonexis/ProcessTapEngine/ProcessTapSelection.swift /Users/skandavyas/Sonexis/Sonexis/ProcessTapEngine/AudioCaptureTarget.swift /Users/skandavyas/Sonexis/Sonexis/MenuBarController.swift /Users/skandavyas/Sonexis/Sonexis/AudioEngine/AudioRecordingSession.swift /Users/skandavyas/Sonexis/Sonexis/AudioEngine/GraphOutputTransition.swift /Users/skandavyas/Sonexis/Sonexis/AudioEngine/GraphRoutingPlan.swift /Users/skandavyas/Sonexis/Sonexis/SharedUI/DesignSystem.swift /Users/skandavyas/Sonexis/Sonexis/SharedUI/TutorialCardView.swift /Users/skandavyas/Sonexis/Sonexis/Models/EffectType.swift /Users/skandavyas/Sonexis/Sonexis/Models/EffectBlock.swift /Users/skandavyas/Sonexis/Sonexis/Models/EffectChain.swift /Users/skandavyas/Sonexis/Sonexis/Models/GraphModels.swift /Users/skandavyas/Sonexis/Sonexis/Models/PluginModels.swift /Users/skandavyas/Sonexis/Sonexis/Models/PresetModels.swift /Users/skandavyas/Sonexis/Sonexis/Models/PluginManager.swift /Users/skandavyas/Sonexis/Sonexis/Models/AdvancedModels.swift /Users/skandavyas/Sonexis/Sonexis/Models/ProjectModels.swift /Users/skandavyas/Sonexis/Sonexis/CanvasView/CanvasView.swift /Users/skandavyas/Sonexis/Sonexis/CanvasView/PluginEditorView.swift /Users/skandavyas/Sonexis/Sonexis/CanvasView/CanvasDropDelegate.swift /Users/skandavyas/Sonexis/Sonexis/CanvasView/InsertionIndicator.swift /Users/skandavyas/Sonexis/Sonexis/CanvasView/EffectTray.swift /Users/skandavyas/Sonexis/Sonexis/CanvasView/StartEndNodes.swift /Users/skandavyas/Sonexis/Sonexis/CanvasView/FlowConnection.swift /Users/skandavyas/Sonexis/Sonexis/CanvasView/FlowLine.swift /Users/skandavyas/Sonexis/Sonexis/CanvasView/EffectBlockHorizontal.swift /Users/skandavyas/Sonexis/Sonexis/CanvasView/EffectParametersViewCompact.swift /Users/skandavyas/Sonexis/Sonexis/CanvasView/SupportingTypes.swift /Users/skandavyas/Sonexis/Sonexis/ContentView/ContentView.swift /Users/skandavyas/Sonexis/Sonexis/ContentView/OnboardingOverlay.swift /Users/skandavyas/Sonexis/Sonexis/ContentView/EngineStoppedAlert.swift /Users/skandavyas/Sonexis/Sonexis/ContentView/LoadPresetDialog.swift /Users/skandavyas/Sonexis/Sonexis/ContentView/HomeView.swift /Users/skandavyas/Sonexis/Sonexis/ContentView/OverlayKeyCapture.swift /Users/skandavyas/Sonexis/Sonexis/ContentView/AppTopBar.swift /Users/skandavyas/Sonexis/Sonexis/ContentView/TutorialTypes.swift /Users/skandavyas/Sonexis/Sonexis/ContentView/TutorialController.swift /Users/skandavyas/Sonexis/Sonexis/ContentView/TutorialOverlay.swift /Users/skandavyas/Sonexis/Sonexis/ContentView/SavePresetDialog.swift /Users/skandavyas/Sonexis/Sonexis/ContentView/HeaderView.swift /Users/skandavyas/Sonexis/Sonexis/ContentView/PresetView.swift /Users/skandavyas/Sonexis/Sonexis/SonexisApp.swift /Users/skandavyas/Sonexis/Sonexis/AudioEngine/AudioEngine.swift /Users/skandavyas/Sonexis/Sonexis/AudioEngine/PluginHosting.swift /Users/skandavyas/Sonexis/Sonexis/AudioEngine/Effects.swift /Users/skandavyas/Sonexis/Sonexis/AudioEngine/Graph.swift /Users/skandavyas/Sonexis/Sonexis/AudioEngine/IO.swift /Users/skandavyas/Sonexis/Sonexis/AudioEngine/Lifecycle.swift /Users/skandavyas/Sonexis/Sonexis/AudioEngine/Presets.swift /Users/skandavyas/Sonexis/Sonexis/AudioEngine/Routing.swift /Users/skandavyas/Sonexis/Sonexis/PresetManager.swift /Users/skandavyas/Sonexis/Sonexis/WorkspaceStore.swift /Users/skandavyas/Sonexis/Sonexis/EditorWindowController.swift /Users/skandavyas/Sonexis/Sonexis/ProcessTapEngine/AudioOutputEngine.swift /Users/skandavyas/Sonexis/Sonexis/ProcessTapEngine/CoreAudioSupport.swift /Users/skandavyas/Sonexis/Sonexis/ProcessTapEngine/DSPConfiguration.swift /Users/skandavyas/Sonexis/Sonexis/ProcessTapEngine/DSPProcessor.swift /Users/skandavyas/Sonexis/Sonexis/ProcessTapEngine/ProcessTapDSPApp.swift /Users/skandavyas/Sonexis/Sonexis/ProcessTapEngine/ProcessTapDSPEngine.swift /Users/skandavyas/Sonexis/Sonexis/ProcessTapEngine/RealtimeRingBuffer.swift /Users/skandavyas/Sonexis/Sonexis/ProcessTapEngine/TapCaptureEngine.swift /Users/skandavyas/Sonexis/Sonexis/AudioEngine/ProcessTapBackend.swift /Users/skandavyas/Sonexis/Sonexis/ProcessTapEngine/ProcessTapProcessingWorker.swift /Users/skandavyas/Sonexis/.build/ReleaseAudit/Build/Intermediates.noindex/Sonexis.build/Release/Sonexis.build/DerivedSources/GeneratedAssetSymbols.swift /Applications/Xcode.app/Contents/Developer/Toolchains/XcodeDefault.xctoolchain/usr/lib/swift/macosx/prebuilt-modules/26.5/OSLog.swiftmodule/x86_64-apple-macos.swiftmodule /Applications/Xcode.app/Contents/Developer/Toolchains/XcodeDefault.xctoolchain/usr/lib/swift/macosx/prebuilt-modules/26.5/CoreData.swiftmodule/x86_64-apple-macos.swiftmodule /Applications/Xcode.app/Contents/Developer/Toolchains/XcodeDefault.xctoolchain/usr/lib/swift/macosx/prebuilt-modules/26.5/System.swiftmodule/x86_64-apple-macos.swiftmodule /Applications/Xcode.app/Contents/Developer/Toolchains/XcodeDefault.xctoolchain/usr/lib/swift/macosx/prebuilt-modules/26.5/CoreMedia.swiftmodule/x86_64-apple-macos.swiftmodule /Applications/Xcode.app/Contents/Developer/Toolchains/XcodeDefault.xctoolchain/usr/lib/swift/macosx/prebuilt-modules/26.5/QuartzCore.swiftmodule/x86_64-apple-macos.swiftmodule /Applications/Xcode.app/Contents/Developer/Toolchains/XcodeDefault.xctoolchain/usr/lib/swift/macosx/prebuilt-modules/26.5/AudioToolbox.swiftmodule/x86_64-apple-macos.swiftmodule /Applications/Xcode.app/Contents/Developer/Toolchains/XcodeDefault.xctoolchain/usr/lib/swift/macosx/prebuilt-modules/26.5/SwiftUI.swiftmodule/x86_64-apple-macos.swiftmodule /Applications/Xcode.app/Contents/Developer/Toolchains/XcodeDefault.xctoolchain/usr/lib/swift/macosx/prebuilt-modules/26.5/CoreFoundation.swiftmodule/x86_64-apple-macos.swiftmodule /Applications/Xcode.app/Contents/Developer/Toolchains/XcodeDefault.xctoolchain/usr/lib/swift/macosx/prebuilt-modules/26.5/simd.swiftmodule/x86_64-apple-macos.swiftmodule /Applications/Xcode.app/Contents/Developer/Toolchains/XcodeDefault.xctoolchain/usr/lib/swift/macosx/prebuilt-modules/26.5/DeveloperToolsSupport.swiftmodule/x86_64-apple-macos.swiftmodule /Applications/Xcode.app/Contents/Developer/Toolchains/XcodeDefault.xctoolchain/usr/lib/swift/macosx/prebuilt-modules/26.5/Combine.swiftmodule/x86_64-apple-macos.swiftmodule /Applications/Xcode.app/Contents/Developer/Toolchains/XcodeDefault.xctoolchain/usr/lib/swift/macosx/prebuilt-modules/26.5/CoreGraphics.swiftmodule/x86_64-apple-macos.swiftmodule /Applications/Xcode.app/Contents/Developer/Toolchains/XcodeDefault.xctoolchain/usr/lib/swift/macosx/prebuilt-modules/26.5/UniformTypeIdentifiers.swiftmodule/x86_64-apple-macos.swiftmodule /Applications/Xcode.app/Contents/Developer/Toolchains/XcodeDefault.xctoolchain/usr/lib/swift/macosx/prebuilt-modules/26.5/CoreTransferable.swiftmodule/x86_64-apple-macos.swiftmodule /Applications/Xcode.app/Contents/Developer/Toolchains/XcodeDefault.xctoolchain/usr/lib/swift/macosx/prebuilt-modules/26.5/CoreMIDI.swiftmodule/x86_64-apple-macos.swiftmodule /Applications/Xcode.app/Contents/Developer/Toolchains/XcodeDefault.xctoolchain/usr/lib/swift/macosx/prebuilt-modules/26.5/_DarwinFoundation2.swiftmodule/x86_64-apple-macos.swiftmodule /Applications/Xcode.app/Contents/Developer/Toolchains/XcodeDefault.xctoolchain/usr/lib/swift/macosx/prebuilt-modules/26.5/Synchronization.swiftmodule/x86_64-apple-macos.swiftmodule /Applications/Xcode.app/Contents/Developer/Toolchains/XcodeDefault.xctoolchain/usr/lib/swift/macosx/prebuilt-modules/26.5/Symbols.swiftmodule/x86_64-apple-macos.swiftmodule /Applications/Xcode.app/Contents/Developer/Toolchains/XcodeDefault.xctoolchain/usr/lib/swift/macosx/prebuilt-modules/26.5/DataDetection.swiftmodule/x86_64-apple-macos.swiftmodule /Applications/Xcode.app/Contents/Developer/Toolchains/XcodeDefault.xctoolchain/usr/lib/swift/macosx/prebuilt-modules/26.5/Swift.swiftmodule/x86_64-apple-macos.swiftmodule /Applications/Xcode.app/Contents/Developer/Toolchains/XcodeDefault.xctoolchain/usr/lib/swift/macosx/prebuilt-modules/26.5/IOKit.swiftmodule/x86_64-apple-macos.swiftmodule /Applications/Xcode.app/Contents/Developer/Toolchains/XcodeDefault.xctoolchain/usr/lib/swift/macosx/prebuilt-modules/26.5/Foundation.swiftmodule/x86_64-apple-macos.swiftmodule /Applications/Xcode.app/Contents/Developer/Toolchains/XcodeDefault.xctoolchain/usr/lib/swift/macosx/prebuilt-modules/26.5/Observation.swiftmodule/x86_64-apple-macos.swiftmodule /Applications/Xcode.app/Contents/Developer/Toolchains/XcodeDefault.xctoolchain/usr/lib/swift/macosx/prebuilt-modules/26.5/Darwin.swiftmodule/x86_64-apple-macos.swiftmodule /Applications/Xcode.app/Contents/Developer/Toolchains/XcodeDefault.xctoolchain/usr/lib/swift/macosx/prebuilt-modules/26.5/SwiftUICore.swiftmodule/x86_64-apple-macos.swiftmodule /Applications/Xcode.app/Contents/Developer/Toolchains/XcodeDefault.xctoolchain/usr/lib/swift/macosx/prebuilt-modules/26.5/XPC.swiftmodule/x86_64-apple-macos.swiftmodule /Applications/Xcode.app/Contents/Developer/Toolchains/XcodeDefault.xctoolchain/usr/lib/swift/macosx/prebuilt-modules/26.5/AVFAudio.swiftmodule/x86_64-apple-macos.swiftmodule /Applications/Xcode.app/Contents/Developer/Toolchains/XcodeDefault.xctoolchain/usr/lib/swift/macosx/prebuilt-modules/26.5/CoreAudio.swiftmodule/x86_64-apple-macos.swiftmodule /Applications/Xcode.app/Contents/Developer/Toolchains/XcodeDefault.xctoolchain/usr/lib/swift/macosx/prebuilt-modules/26.5/CoreAudioKit.swiftmodule/x86_64-apple-macos.swiftmodule /Applications/Xcode.app/Contents/Developer/Toolchains/XcodeDefault.xctoolchain/usr/lib/swift/macosx/prebuilt-modules/26.5/ObjectiveC.swiftmodule/x86_64-apple-macos.swiftmodule /Applications/Xcode.app/Contents/Developer/Toolchains/XcodeDefault.xctoolchain/usr/lib/swift/macosx/prebuilt-modules/26.5/Metal.swiftmodule/x86_64-apple-macos.swiftmodule /Applications/Xcode.app/Contents/Developer/Toolchains/XcodeDefault.xctoolchain/usr/lib/swift/macosx/prebuilt-modules/26.5/Accessibility.swiftmodule/x86_64-apple-macos.swiftmodule /Applications/Xcode.app/Contents/Developer/Toolchains/XcodeDefault.xctoolchain/usr/lib/swift/macosx/prebuilt-modules/26.5/_Builtin_float.swiftmodule/x86_64-apple-macos.swiftmodule /Applications/Xcode.app/Contents/Developer/Toolchains/XcodeDefault.xctoolchain/usr/lib/swift/macosx/prebuilt-modules/26.5/CoreText.swiftmodule/x86_64-apple-macos.swiftmodule /Applications/Xcode.app/Contents/Developer/Toolchains/XcodeDefault.xctoolchain/usr/lib/swift/macosx/prebuilt-modules/26.5/os.swiftmodule/x86_64-apple-macos.swiftmodule /Applications/Xcode.app/Contents/Developer/Toolchains/XcodeDefault.xctoolchain/usr/lib/swift/macosx/prebuilt-modules/26.5/Accelerate.swiftmodule/x86_64-apple-macos.swiftmodule /Applications/Xcode.app/Contents/Developer/Toolchains/XcodeDefault.xctoolchain/usr/lib/swift/macosx/prebuilt-modules/26.5/CoreVideo.swiftmodule/x86_64-apple-macos.swiftmodule /Applications/Xcode.app/Contents/Developer/Toolchains/XcodeDefault.xctoolchain/usr/lib/swift/macosx/prebuilt-modules/26.5/_DarwinFoundation3.swiftmodule/x86_64-apple-macos.swiftmodule /Applications/Xcode.app/Contents/Developer/Toolchains/XcodeDefault.xctoolchain/usr/lib/swift/macosx/prebuilt-modules/26.5/_DarwinFoundation1.swiftmodule/x86_64-apple-macos.swiftmodule /Applications/Xcode.app/Contents/Developer/Toolchains/XcodeDefault.xctoolchain/usr/lib/swift/macosx/prebuilt-modules/26.5/AVFoundation.swiftmodule/x86_64-apple-macos.swiftmodule /Applications/Xcode.app/Contents/Developer/Toolchains/XcodeDefault.xctoolchain/usr/lib/swift/macosx/prebuilt-modules/26.5/AppKit.swiftmodule/x86_64-apple-macos.swiftmodule /Applications/Xcode.app/Contents/Developer/Toolchains/XcodeDefault.xctoolchain/usr/lib/swift/macosx/prebuilt-modules/26.5/CoreImage.swiftmodule/x86_64-apple-macos.swiftmodule /Applications/Xcode.app/Contents/Developer/Toolchains/XcodeDefault.xctoolchain/usr/lib/swift/macosx/prebuilt-modules/26.5/_StringProcessing.swiftmodule/x86_64-apple-macos.swiftmodule /Applications/Xcode.app/Contents/Developer/Toolchains/XcodeDefault.xctoolchain/usr/lib/swift/macosx/prebuilt-modules/26.5/Dispatch.swiftmodule/x86_64-apple-macos.swiftmodule /Applications/Xcode.app/Contents/Developer/Toolchains/XcodeDefault.xctoolchain/usr/lib/swift/macosx/prebuilt-modules/26.5/_Concurrency.swiftmodule/x86_64-apple-macos.swiftmodule /Applications/Xcode.app/Contents/Developer/Toolchains/XcodeDefault.xctoolchain/usr/lib/swift/macosx/prebuilt-modules/26.5/Spatial.swiftmodule/x86_64-apple-macos.swiftmodule /Users/skandavyas/Sonexis/.build/ReleaseAudit/ModuleCache.noindex/Metal-2046FPK5NGIART7UIFPWARCUC.pcm /Users/skandavyas/Sonexis/.build/ReleaseAudit/ModuleCache.noindex/XPC-36VYF83I7Y9B8FT1AFEPT98ZC.pcm /Users/skandavyas/Sonexis/.build/ReleaseAudit/ModuleCache.noindex/CoreVideo-556JMJM15VO284NLB806PTED7.pcm /Users/skandavyas/Sonexis/.build/ReleaseAudit/ModuleCache.noindex/Spatial-COKVREIQ81NQ3VXKZ89NJKS38.pcm /Users/skandavyas/Sonexis/.build/ReleaseAudit/ModuleCache.noindex/Security-3SICAEDUKNWA13KQ5D2NFP3QT.pcm /Users/skandavyas/Sonexis/.build/ReleaseAudit/ModuleCache.noindex/CoreServices-CRQ145UJI4BCO41XYPELECCKN.pcm /Users/skandavyas/Sonexis/.build/ReleaseAudit/ModuleCache.noindex/_Builtin_stdbool-C5EAKKZFK3GL0LKENOAOLMF8C.pcm /Users/skandavyas/Sonexis/.build/ReleaseAudit/ModuleCache.noindex/Dispatch-634NPWLLHBX4ZZYOJN3VL0NFB.pcm /Users/skandavyas/Sonexis/.build/ReleaseAudit/ModuleCache.noindex/libDER-3RYT84SIM2NYGC20NPZRGIXJV.pcm /Users/skandavyas/Sonexis/.build/ReleaseAudit/ModuleCache.noindex/_DarwinFoundation3-66UGDKG0V2WMU22EU2QSXHNXG.pcm /Users/skandavyas/Sonexis/.build/ReleaseAudit/ModuleCache.noindex/launch-3K9V7Q4N2GZ36JF5Q1O4JZZW.pcm /Users/skandavyas/Sonexis/.build/ReleaseAudit/ModuleCache.noindex/Accelerate-CK1S2WILXL3BY90MMFX1DZYH3.pcm /Users/skandavyas/Sonexis/.build/ReleaseAudit/ModuleCache.noindex/CoreText-BMKPK1QFV86SZZ055CKU691K7.pcm /Users/skandavyas/Sonexis/.build/ReleaseAudit/ModuleCache.noindex/CFNetwork-DCS0G6NPN7WMEKEA9VQBHTCJ0.pcm /Users/skandavyas/Sonexis/.build/ReleaseAudit/ModuleCache.noindex/_Builtin_stdint-9A1PFIOBU7NZWNPIQ0QFMFQWK.pcm /Users/skandavyas/Sonexis/.build/ReleaseAudit/ModuleCache.noindex/UniformTypeIdentifiers-848F57KXQL0ZB1PZ8XSSFELFK.pcm /Users/skandavyas/Sonexis/.build/ReleaseAudit/ModuleCache.noindex/sys_types-UI5GGUAX9WMUUH6NYDD6NW0Y.pcm /Users/skandavyas/Sonexis/.build/ReleaseAudit/ModuleCache.noindex/DiskArbitration-5WVPCEE7T5GGGZ35WB3XT4O26.pcm /Users/skandavyas/Sonexis/.build/ReleaseAudit/ModuleCache.noindex/CoreAudio-5H3FX7R23TYMLBGNCC71AUO5W.pcm /Users/skandavyas/Sonexis/.build/ReleaseAudit/ModuleCache.noindex/AudioToolbox-911IJMOT01LPSDD4YBDXGLRT4.pcm /Users/skandavyas/Sonexis/.build/ReleaseAudit/ModuleCache.noindex/os_workgroup-4NMUWDMCLUI916CLX218YWTUF.pcm /Users/skandavyas/Sonexis/.build/ReleaseAudit/ModuleCache.noindex/AppKit-DHCBZL44DF9BLJ9OYMDASF3X2.pcm /Users/skandavyas/Sonexis/.build/ReleaseAudit/ModuleCache.noindex/_Builtin_intrinsics-7YAZ4D99J2HC4AW04CN6ORNF6.pcm /Users/skandavyas/Sonexis/.build/ReleaseAudit/ModuleCache.noindex/CoreAudioKit-Y6B5OEPPUNHC3KV9V9Z0LCYF.pcm /Users/skandavyas/Sonexis/.build/ReleaseAudit/ModuleCache.noindex/MachO-1PJJRZL6409PNDSYKHZRXECEL.pcm /Users/skandavyas/Sonexis/.build/ReleaseAudit/ModuleCache.noindex/SwiftUI-4C19RCWSBVYMDC2ESLQZ30KQ3.pcm /Users/skandavyas/Sonexis/.build/ReleaseAudit/ModuleCache.noindex/ptrauth-4LYQ3CF2AM703BNNCBHGJ4G9K.pcm /Users/skandavyas/Sonexis/.build/ReleaseAudit/ModuleCache.noindex/_DarwinFoundation1-DBJPB46M45R9S6XIA2684HB3G.pcm /Users/skandavyas/Sonexis/.build/ReleaseAudit/ModuleCache.noindex/CoreGraphics-D5LAR74WT6SEV3SURXZASE1J7.pcm /Users/skandavyas/Sonexis/.build/ReleaseAudit/ModuleCache.noindex/os-EYZ0LB4M3JTXB6U4OORLI4TTK.pcm /Users/skandavyas/Sonexis/.build/ReleaseAudit/ModuleCache.noindex/os_object-7R5I867V1XJ980M8WXIUZK07Z.pcm /Users/skandavyas/Sonexis/.build/ReleaseAudit/ModuleCache.noindex/SwiftShims-5G5BSDLYHMWGD04PX9LNJN2FT.pcm /Users/skandavyas/Sonexis/.build/ReleaseAudit/ModuleCache.noindex/CoreData-9YUN1VHGSD5EC47NTUU7F924S.pcm /Users/skandavyas/Sonexis/.build/ReleaseAudit/ModuleCache.noindex/IOSurface-EJXP8O20ALBCN023R74CUNTMG.pcm /Users/skandavyas/Sonexis/.build/ReleaseAudit/ModuleCache.noindex/DataDetection-BK0F7RTLOOLGJC0GWMWZZFYKQ.pcm /Users/skandavyas/Sonexis/.build/ReleaseAudit/ModuleCache.noindex/_Builtin_limits-DN1LOIOFS5WX2MH37NMFHJS2E.pcm /Users/skandavyas/Sonexis/.build/ReleaseAudit/ModuleCache.noindex/ptrcheck-9L6ZMYGKKQQ2TJRX9WNJIIRVN.pcm /Users/skandavyas/Sonexis/.build/ReleaseAudit/ModuleCache.noindex/_Builtin_tgmath-934BUI30EWZJRAYN5WKOT7YBM.pcm /Users/skandavyas/Sonexis/.build/ReleaseAudit/ModuleCache.noindex/CoreTransferable-7B24UOBFX0LIOM9E64MWU2PG7.pcm /Users/skandavyas/Sonexis/.build/ReleaseAudit/ModuleCache.noindex/CoreImage-CVSQI31H8HV3FG54BH926TDNE.pcm /Users/skandavyas/Sonexis/.build/ReleaseAudit/ModuleCache.noindex/_Builtin_stdatomic-6SOFKA3LWZDE7H91ZQML9PTYG.pcm /Users/skandavyas/Sonexis/.build/ReleaseAudit/ModuleCache.noindex/CoreAudioTypes-BXSMQW1BZKUC0FNU33OS229LQ.pcm /Users/skandavyas/Sonexis/.build/ReleaseAudit/ModuleCache.noindex/MediaToolbox-F1Q1CXC5V0ND7GL4G9EF703LL.pcm /Users/skandavyas/Sonexis/.build/ReleaseAudit/ModuleCache.noindex/simd-676VPOQP3YEJXAPCDBOXKAZDU.pcm /Users/skandavyas/Sonexis/.build/ReleaseAudit/ModuleCache.noindex/ApplicationServices-8J93GFU7UIHSPUPEH4R52J4H1.pcm /Users/skandavyas/Sonexis/.build/ReleaseAudit/ModuleCache.noindex/Foundation-C08OFTI20HK66LT0TB7SK1E7T.pcm /Users/skandavyas/Sonexis/.build/ReleaseAudit/ModuleCache.noindex/SwiftUICore-9QQA25YF1GBT904G8NP3612I3.pcm /Users/skandavyas/Sonexis/.build/ReleaseAudit/ModuleCache.noindex/DeveloperToolsSupport-4I2CH5DMV6T9AF92VKY9HOA1J.pcm /Users/skandavyas/Sonexis/.build/ReleaseAudit/ModuleCache.noindex/ObjectiveC-7GH3ZDI437F4QQ5G7F1NI8OVE.pcm /Users/skandavyas/Sonexis/.build/ReleaseAudit/ModuleCache.noindex/Accessibility-DGYGT5BTGYEGMF04T2VWI681M.pcm /Users/skandavyas/Sonexis/.build/ReleaseAudit/ModuleCache.noindex/OpenGL-E6DPSAHLIXWARL5K0OUOO1VTX.pcm /Users/skandavyas/Sonexis/.build/ReleaseAudit/ModuleCache.noindex/_SwiftConcurrencyShims-17IWS56K9AW42RG882TQLARF4.pcm /Users/skandavyas/Sonexis/.build/ReleaseAudit/ModuleCache.noindex/_Builtin_inttypes-1H7TBYB8I8N5M5435GPOXL1YD.pcm /Users/skandavyas/Sonexis/.build/ReleaseAudit/ModuleCache.noindex/CoreMedia-B0POVOIEJ0ULZRO2YB5AJQ7PF.pcm /Users/skandavyas/Sonexis/.build/ReleaseAudit/ModuleCache.noindex/QuartzCore-4CWBHZU7X5CGJ2SYBTITBVK89.pcm /Users/skandavyas/Sonexis/.build/ReleaseAudit/ModuleCache.noindex/AVFAudio-E8SBMUQYSCR2ZWDVPORP9L761.pcm /Users/skandavyas/Sonexis/.build/ReleaseAudit/ModuleCache.noindex/CoreAudioKitPrivate-AF8USQJR6E75MWLRCDHHESZIV.pcm /Users/skandavyas/Sonexis/.build/ReleaseAudit/ModuleCache.noindex/_Builtin_stdarg-BBV5E6VUGBLA215PRLB41IQL4.pcm /Users/skandavyas/Sonexis/.build/ReleaseAudit/ModuleCache.noindex/Symbols-DNQBJ6UCENLZA93N8CHCKUHA4.pcm /Users/skandavyas/Sonexis/.build/ReleaseAudit/ModuleCache.noindex/CUPS-178GG7GWAJJSIRTR8DTLQ974Z.pcm /Users/skandavyas/Sonexis/.build/ReleaseAudit/ModuleCache.noindex/libkern-2YLP8APJGNVFNZGDJL2LX2GOT.pcm /Users/skandavyas/Sonexis/.build/ReleaseAudit/ModuleCache.noindex/ImageIO-BH6XYEF94O7F8ZVI3L3VQKOGL.pcm /Users/skandavyas/Sonexis/.build/ReleaseAudit/ModuleCache.noindex/_Builtin_float-D0L7CWKR3WJOVUZYH4QI2DG3.pcm /Users/skandavyas/Sonexis/.build/ReleaseAudit/ModuleCache.noindex/AVFoundation-8YZHWJJKX9HOVRFWE9PNCLQE9.pcm /Users/skandavyas/Sonexis/.build/ReleaseAudit/ModuleCache.noindex/CoreFoundation-1BEBRDDHJ9EU3TS0DWB2XBHD0.pcm /Users/skandavyas/Sonexis/.build/ReleaseAudit/ModuleCache.noindex/Carbon-8SO1QB9GAY0P8AXRVFYQ8QT85.pcm /Users/skandavyas/Sonexis/.build/ReleaseAudit/ModuleCache.noindex/AudioUnit-DH41O69Y9FYJS5ELPC12GKVUS.pcm /Users/skandavyas/Sonexis/.build/ReleaseAudit/ModuleCache.noindex/CoreMIDI-7U4I8Q13JBRNDV24SRA69DGJ4.pcm /Users/skandavyas/Sonexis/.build/ReleaseAudit/ModuleCache.noindex/_AvailabilityInternal-AZTRRR5VN0814E3LRCNEBVLU8.pcm /Users/skandavyas/Sonexis/.build/ReleaseAudit/ModuleCache.noindex/_DarwinFoundation2-BYZ7Q9U3GQ6RY7HI4HFGLSE8Y.pcm /Users/skandavyas/Sonexis/.build/ReleaseAudit/ModuleCache.noindex/Darwin-1700SK2PT5QZXAF0H6H6GS0JL.pcm /Users/skandavyas/Sonexis/.build/ReleaseAudit/ModuleCache.noindex/_Builtin_stddef-C9WMY39LPETPOMD9HLLOIU2HJ.pcm /Users/skandavyas/Sonexis/.build/ReleaseAudit/ModuleCache.noindex/ColorSync-891H525SSJOAX48AN34VFTL95.pcm /Users/skandavyas/Sonexis/.build/ReleaseAudit/ModuleCache.noindex/Cocoa-CDV52A5PN72BHVMA0D883SEUP.pcm /Users/skandavyas/Sonexis/.build/ReleaseAudit/ModuleCache.noindex/IOKit-1UKEGOT6R69RG06TY2XMGCWB4.pcm /Users/skandavyas/Sonexis/.build/ReleaseAudit/ModuleCache.noindex/OSLog-2XQSYD707SWBOL0IWR6LQEGA4.pcm /Users/skandavyas/Sonexis/.build/ReleaseAudit/Build/Intermediates.noindex/Sonexis.build/Release/Sonexis.build/Objects-normal/x86_64/Sonexis-dependencies-1.json /Users/skandavyas/Sonexis/.build/ReleaseAudit/Build/Intermediates.noindex/Sonexis.build/Release/Sonexis.build/Objects-normal/x86_64/Sonexis-primary-Bridging-header.pch (in target 'Sonexis' from project 'Sonexis')

CompileSwift normal x86_64 (in target 'Sonexis' from project 'Sonexis')
    cd /Users/skandavyas/Sonexis
    
/Users/skandavyas/Sonexis/Sonexis/MenuBarController.swift:48:22: warning: 'onChange(of:perform:)' was deprecated in macOS 14.0: Use `onChange` with a two or zero parameter action closure instead.
                    .onChange(of: proxy.size) { [weak self] size in self?.resize(to: size) }
                     ^
/Users/skandavyas/Sonexis/Sonexis/Models/PluginManager.swift:108:37: warning: 'componentURL' was deprecated in macOS 10.11
                let url = component.componentURL?.path ?? "(no url)"
                                    ^
/Users/skandavyas/Sonexis/Sonexis/Models/PluginManager.swift:127:37: warning: 'componentURL' was deprecated in macOS 10.11
                location: component.componentURL
                                    ^
/Users/skandavyas/Sonexis/Sonexis/CanvasView/CanvasView.swift:227:14: warning: 'onChange(of:perform:)' was deprecated in macOS 14.0: Use `onChange` with a two or zero parameter action closure instead.
            .onChange(of: graphMode) { _ in
             ^
/Users/skandavyas/Sonexis/Sonexis/CanvasView/CanvasView.swift:277:14: warning: 'onChange(of:perform:)' was deprecated in macOS 14.0: Use `onChange` with a two or zero parameter action closure instead.
            .onChange(of: wiringMode) { newMode in
             ^
/Users/skandavyas/Sonexis/Sonexis/CanvasView/CanvasView.swift:318:22: warning: 'onChange(of:perform:)' was deprecated in macOS 14.0: Use `onChange` with a two or zero parameter action closure instead.
                    .onChange(of: autoConnectEnd) { _ in
                     ^
/Users/skandavyas/Sonexis/Sonexis/CanvasView/CanvasView.swift:909:18: warning: 'onChange(of:perform:)' was deprecated in macOS 14.0: Use `onChange` with a two or zero parameter action closure instead.
                .onChange(of: geometry.size) { newSize in
                 ^
/Users/skandavyas/Sonexis/Sonexis/CanvasView/CanvasView.swift:1067:10: warning: 'onChange(of:perform:)' was deprecated in macOS 14.0: Use `onChange` with a two or zero parameter action closure instead.
        .onChange(of: tutorial.step) { step in
         ^
/Users/skandavyas/Sonexis/Sonexis/CanvasView/CanvasView.swift:1087:10: warning: 'onChange(of:perform:)' was deprecated in macOS 14.0: Use `onChange` with a two or zero parameter action closure instead.
        .onChange(of: audioEngine.isRunning) { isRunning in
         ^
/Users/skandavyas/Sonexis/Sonexis/CanvasView/CanvasView.swift:1090:10: warning: 'onChange(of:perform:)' was deprecated in macOS 14.0: Use `onChange` with a two or zero parameter action closure instead.
        .onChange(of: scenePhase) { phase in
         ^
/Users/skandavyas/Sonexis/Sonexis/CanvasView/CanvasView.swift:1458:21: warning: initialization of immutable value 'edges' was never used; consider replacing with assignment to '_' or removing it
                let edges = manualGraphEdges(lane: nil)
                ~~~~^~~~~
                _
/Users/skandavyas/Sonexis/Sonexis/CanvasView/EffectTray.swift:237:10: warning: 'onChange(of:perform:)' was deprecated in macOS 14.0: Use `onChange` with a two or zero parameter action closure instead.
        .onChange(of: tutorialStep) { step in
         ^
/Users/skandavyas/Sonexis/Sonexis/CanvasView/EffectBlockHorizontal.swift:202:10: warning: 'onChange(of:perform:)' was deprecated in macOS 14.0: Use `onChange` with a two or zero parameter action closure instead.
        .onChange(of: tutorialStep) { step in
         ^
/Users/skandavyas/Sonexis/Sonexis/CanvasView/EffectBlockHorizontal.swift:214:10: warning: 'onChange(of:perform:)' was deprecated in macOS 14.0: Use `onChange` with a two or zero parameter action closure instead.
        .onChange(of: isDropAnimating) { triggered in
         ^
/Users/skandavyas/Sonexis/Sonexis/ContentView/ContentView.swift:318:10: warning: 'onChange(of:perform:)' was deprecated in macOS 14.0: Use `onChange` with a two or zero parameter action closure instead.
        .onChange(of: activeScreen) { newValue in
         ^
/Users/skandavyas/Sonexis/Sonexis/ContentView/ContentView.swift:324:10: warning: 'onChange(of:perform:)' was deprecated in macOS 14.0: Use `onChange` with a two or zero parameter action closure instead.
        .onChange(of: showingAudioSettings) { isShowing in
         ^
/Users/skandavyas/Sonexis/Sonexis/ContentView/ContentView.swift:344:10: warning: 'onChange(of:perform:)' was deprecated in macOS 14.0: Use `onChange` with a two or zero parameter action closure instead.
        .onChange(of: tutorial.isActive) { active in
         ^
/Users/skandavyas/Sonexis/Sonexis/ContentView/ContentView.swift:349:10: warning: 'onChange(of:perform:)' was deprecated in macOS 14.0: Use `onChange` with a two or zero parameter action closure instead.
        .onChange(of: tutorial.step) { newStep in
         ^
/Users/skandavyas/Sonexis/Sonexis/ContentView/ContentView.swift:415:10: warning: 'onChange(of:perform:)' was deprecated in macOS 14.0: Use `onChange` with a two or zero parameter action closure instead.
        .onChange(of: audioEngine.pendingGraphLoadRequest == nil) { didApply in
         ^
/Users/skandavyas/Sonexis/Sonexis/ContentView/ContentView.swift:425:10: warning: 'onChange(of:perform:)' was deprecated in macOS 14.0: Use `onChange` with a two or zero parameter action closure instead.
        .onChange(of: tutorial.pendingNextLesson) { _ in
         ^
/Users/skandavyas/Sonexis/Sonexis/ContentView/ContentView.swift:429:10: warning: 'onChange(of:perform:)' was deprecated in macOS 14.0: Use `onChange` with a two or zero parameter action closure instead.
        .onChange(of: chainWorkspace.issue) { issue in
         ^
/Users/skandavyas/Sonexis/Sonexis/ContentView/ContentView.swift:432:10: warning: 'onChange(of:perform:)' was deprecated in macOS 14.0: Use `onChange` with a two or zero parameter action closure instead.
        .onChange(of: showSetupOverlay) { isVisible in
         ^
/Users/skandavyas/Sonexis/Sonexis/ContentView/ContentView.swift:450:10: warning: 'onChange(of:perform:)' was deprecated in macOS 14.0: Use `onChange` with a two or zero parameter action closure instead.
        .onChange(of: currentPresetID) { _ in captureWorkspace() }
         ^
/Users/skandavyas/Sonexis/Sonexis/ContentView/ContentView.swift:451:10: warning: 'onChange(of:perform:)' was deprecated in macOS 14.0: Use `onChange` with a two or zero parameter action closure instead.
        .onChange(of: audioEngine.processingEnabled) { _ in captureWorkspace() }
         ^
/Users/skandavyas/Sonexis/Sonexis/ContentView/ContentView.swift:452:10: warning: 'onChange(of:perform:)' was deprecated in macOS 14.0: Use `onChange` with a two or zero parameter action closure instead.
        .onChange(of: audioEngine.processTapInputTrimDB) { _ in captureWorkspace() }
         ^
/Users/skandavyas/Sonexis/Sonexis/ContentView/ContentView.swift:453:10: warning: 'onChange(of:perform:)' was deprecated in macOS 14.0: Use `onChange` with a two or zero parameter action closure instead.
        .onChange(of: audioEngine.processTapOutputMakeupDB) { _ in captureWorkspace() }
         ^
/Users/skandavyas/Sonexis/Sonexis/ContentView/ContentView.swift:454:10: warning: 'onChange(of:perform:)' was deprecated in macOS 14.0: Use `onChange` with a two or zero parameter action closure instead.
        .onChange(of: audioEngine.processTapOutputCeilingEnabled) { _ in captureWorkspace() }
         ^
/Users/skandavyas/Sonexis/Sonexis/ContentView/ContentView.swift:498:10: warning: 'onChange(of:perform:)' was deprecated in macOS 14.0: Use `onChange` with a two or zero parameter action closure instead.
        .onChange(of: showingLoadDialog) { isShowing in
         ^
/Users/skandavyas/Sonexis/Sonexis/ContentView/HeaderView.swift:43:22: warning: 'onChange(of:perform:)' was deprecated in macOS 14.0: Use `onChange` with a two or zero parameter action closure instead.
                    .onChange(of: tutorial.step) { step in
                     ^
/Users/skandavyas/Sonexis/Sonexis/ContentView/HeaderView.swift:46:22: warning: 'onChange(of:perform:)' was deprecated in macOS 14.0: Use `onChange` with a two or zero parameter action closure instead.
                    .onChange(of: audioEngine.isRunning) { running in
                     ^
/Users/skandavyas/Sonexis/Sonexis/ContentView/HeaderView.swift:321:15: warning: 'allowedFileTypes' was deprecated in macOS 12.0: Use -allowedContentTypes instead
        panel.allowedFileTypes = ["wav"]
              ^
/Users/skandavyas/Sonexis/Sonexis/PresetManager.swift:74:17: warning: variable 'node' was never mutated; consider changing to 'let' constant
            var node = BeginnerNode(
            ~~~ ^
            let

SwiftGeneratePch normal arm64 Compiling\ bridging\ header (in target 'Sonexis' from project 'Sonexis')

SwiftDriverJobDiscovery normal arm64 Compiling bridging header (in target 'Sonexis' from project 'Sonexis')

SwiftCompile normal arm64 Compiling\ ChainWorkspace.swift,\ MultiChainAudioEngine.swift,\ ProcessTapSelection.swift,\ AudioCaptureTarget.swift,\ MenuBarController.swift,\ AudioRecordingSession.swift,\ GraphOutputTransition.swift,\ GraphRoutingPlan.swift,\ DesignSystem.swift,\ TutorialCardView.swift,\ EffectType.swift,\ EffectBlock.swift,\ EffectChain.swift,\ GraphModels.swift,\ PluginModels.swift,\ PresetModels.swift,\ PluginManager.swift,\ AdvancedModels.swift,\ ProjectModels.swift,\ CanvasView.swift,\ PluginEditorView.swift,\ CanvasDropDelegate.swift,\ InsertionIndicator.swift,\ EffectTray.swift,\ StartEndNodes.swift,\ FlowConnection.swift,\ FlowLine.swift,\ EffectBlockHorizontal.swift,\ EffectParametersViewCompact.swift,\ SupportingTypes.swift,\ ContentView.swift,\ OnboardingOverlay.swift,\ EngineStoppedAlert.swift,\ LoadPresetDialog.swift,\ HomeView.swift,\ OverlayKeyCapture.swift,\ AppTopBar.swift,\ TutorialTypes.swift,\ TutorialController.swift,\ TutorialOverlay.swift,\ SavePresetDialog.swift,\ HeaderView.swift,\ PresetView.swift,\ SonexisApp.swift,\ AudioEngine.swift,\ PluginHosting.swift,\ Effects.swift,\ Graph.swift,\ IO.swift,\ Lifecycle.swift,\ Presets.swift,\ Routing.swift,\ PresetManager.swift,\ WorkspaceStore.swift,\ EditorWindowController.swift,\ AudioOutputEngine.swift,\ CoreAudioSupport.swift,\ DSPConfiguration.swift,\ DSPProcessor.swift,\ ProcessTapDSPApp.swift,\ ProcessTapDSPEngine.swift,\ RealtimeRingBuffer.swift,\ TapCaptureEngine.swift,\ ProcessTapBackend.swift,\ ProcessTapProcessingWorker.swift,\ GeneratedAssetSymbols.swift /Users/skandavyas/Sonexis/Sonexis/ContentView/ChainWorkspace.swift /Users/skandavyas/Sonexis/Sonexis/AudioEngine/MultiChainAudioEngine.swift /Users/skandavyas/Sonexis/Sonexis/ProcessTapEngine/ProcessTapSelection.swift /Users/skandavyas/Sonexis/Sonexis/ProcessTapEngine/AudioCaptureTarget.swift /Users/skandavyas/Sonexis/Sonexis/MenuBarController.swift /Users/skandavyas/Sonexis/Sonexis/AudioEngine/AudioRecordingSession.swift /Users/skandavyas/Sonexis/Sonexis/AudioEngine/GraphOutputTransition.swift /Users/skandavyas/Sonexis/Sonexis/AudioEngine/GraphRoutingPlan.swift /Users/skandavyas/Sonexis/Sonexis/SharedUI/DesignSystem.swift /Users/skandavyas/Sonexis/Sonexis/SharedUI/TutorialCardView.swift /Users/skandavyas/Sonexis/Sonexis/Models/EffectType.swift /Users/skandavyas/Sonexis/Sonexis/Models/EffectBlock.swift /Users/skandavyas/Sonexis/Sonexis/Models/EffectChain.swift /Users/skandavyas/Sonexis/Sonexis/Models/GraphModels.swift /Users/skandavyas/Sonexis/Sonexis/Models/PluginModels.swift /Users/skandavyas/Sonexis/Sonexis/Models/PresetModels.swift /Users/skandavyas/Sonexis/Sonexis/Models/PluginManager.swift /Users/skandavyas/Sonexis/Sonexis/Models/AdvancedModels.swift /Users/skandavyas/Sonexis/Sonexis/Models/ProjectModels.swift /Users/skandavyas/Sonexis/Sonexis/CanvasView/CanvasView.swift /Users/skandavyas/Sonexis/Sonexis/CanvasView/PluginEditorView.swift /Users/skandavyas/Sonexis/Sonexis/CanvasView/CanvasDropDelegate.swift /Users/skandavyas/Sonexis/Sonexis/CanvasView/InsertionIndicator.swift /Users/skandavyas/Sonexis/Sonexis/CanvasView/EffectTray.swift /Users/skandavyas/Sonexis/Sonexis/CanvasView/StartEndNodes.swift /Users/skandavyas/Sonexis/Sonexis/CanvasView/FlowConnection.swift /Users/skandavyas/Sonexis/Sonexis/CanvasView/FlowLine.swift /Users/skandavyas/Sonexis/Sonexis/CanvasView/EffectBlockHorizontal.swift /Users/skandavyas/Sonexis/Sonexis/CanvasView/EffectParametersViewCompact.swift /Users/skandavyas/Sonexis/Sonexis/CanvasView/SupportingTypes.swift /Users/skandavyas/Sonexis/Sonexis/ContentView/ContentView.swift /Users/skandavyas/Sonexis/Sonexis/ContentView/OnboardingOverlay.swift /Users/skandavyas/Sonexis/Sonexis/ContentView/EngineStoppedAlert.swift /Users/skandavyas/Sonexis/Sonexis/ContentView/LoadPresetDialog.swift /Users/skandavyas/Sonexis/Sonexis/ContentView/HomeView.swift /Users/skandavyas/Sonexis/Sonexis/ContentView/OverlayKeyCapture.swift /Users/skandavyas/Sonexis/Sonexis/ContentView/AppTopBar.swift /Users/skandavyas/Sonexis/Sonexis/ContentView/TutorialTypes.swift /Users/skandavyas/Sonexis/Sonexis/ContentView/TutorialController.swift /Users/skandavyas/Sonexis/Sonexis/ContentView/TutorialOverlay.swift /Users/skandavyas/Sonexis/Sonexis/ContentView/SavePresetDialog.swift /Users/skandavyas/Sonexis/Sonexis/ContentView/HeaderView.swift /Users/skandavyas/Sonexis/Sonexis/ContentView/PresetView.swift /Users/skandavyas/Sonexis/Sonexis/SonexisApp.swift /Users/skandavyas/Sonexis/Sonexis/AudioEngine/AudioEngine.swift /Users/skandavyas/Sonexis/Sonexis/AudioEngine/PluginHosting.swift /Users/skandavyas/Sonexis/Sonexis/AudioEngine/Effects.swift /Users/skandavyas/Sonexis/Sonexis/AudioEngine/Graph.swift /Users/skandavyas/Sonexis/Sonexis/AudioEngine/IO.swift /Users/skandavyas/Sonexis/Sonexis/AudioEngine/Lifecycle.swift /Users/skandavyas/Sonexis/Sonexis/AudioEngine/Presets.swift /Users/skandavyas/Sonexis/Sonexis/AudioEngine/Routing.swift /Users/skandavyas/Sonexis/Sonexis/PresetManager.swift /Users/skandavyas/Sonexis/Sonexis/WorkspaceStore.swift /Users/skandavyas/Sonexis/Sonexis/EditorWindowController.swift /Users/skandavyas/Sonexis/Sonexis/ProcessTapEngine/AudioOutputEngine.swift /Users/skandavyas/Sonexis/Sonexis/ProcessTapEngine/CoreAudioSupport.swift /Users/skandavyas/Sonexis/Sonexis/ProcessTapEngine/DSPConfiguration.swift /Users/skandavyas/Sonexis/Sonexis/ProcessTapEngine/DSPProcessor.swift /Users/skandavyas/Sonexis/Sonexis/ProcessTapEngine/ProcessTapDSPApp.swift /Users/skandavyas/Sonexis/Sonexis/ProcessTapEngine/ProcessTapDSPEngine.swift /Users/skandavyas/Sonexis/Sonexis/ProcessTapEngine/RealtimeRingBuffer.swift /Users/skandavyas/Sonexis/Sonexis/ProcessTapEngine/TapCaptureEngine.swift /Users/skandavyas/Sonexis/Sonexis/AudioEngine/ProcessTapBackend.swift /Users/skandavyas/Sonexis/Sonexis/ProcessTapEngine/ProcessTapProcessingWorker.swift /Users/skandavyas/Sonexis/.build/ReleaseAudit/Build/Intermediates.noindex/Sonexis.build/Release/Sonexis.build/DerivedSources/GeneratedAssetSymbols.swift /Applications/Xcode.app/Contents/Developer/Toolchains/XcodeDefault.xctoolchain/usr/lib/swift/macosx/prebuilt-modules/26.5/DataDetection.swiftmodule/arm64e-apple-macos.swiftmodule /Applications/Xcode.app/Contents/Developer/Toolchains/XcodeDefault.xctoolchain/usr/lib/swift/macosx/prebuilt-modules/26.5/Combine.swiftmodule/arm64e-apple-macos.swiftmodule /Applications/Xcode.app/Contents/Developer/Toolchains/XcodeDefault.xctoolchain/usr/lib/swift/macosx/prebuilt-modules/26.5/simd.swiftmodule/arm64e-apple-macos.swiftmodule /Applications/Xcode.app/Contents/Developer/Toolchains/XcodeDefault.xctoolchain/usr/lib/swift/macosx/prebuilt-modules/26.5/_DarwinFoundation2.swiftmodule/arm64e-apple-macos.swiftmodule /Applications/Xcode.app/Contents/Developer/Toolchains/XcodeDefault.xctoolchain/usr/lib/swift/macosx/prebuilt-modules/26.5/CoreGraphics.swiftmodule/arm64e-apple-macos.swiftmodule /Applications/Xcode.app/Contents/Developer/Toolchains/XcodeDefault.xctoolchain/usr/lib/swift/macosx/prebuilt-modules/26.5/OSLog.swiftmodule/arm64e-apple-macos.swiftmodule /Applications/Xcode.app/Contents/Developer/Toolchains/XcodeDefault.xctoolchain/usr/lib/swift/macosx/prebuilt-modules/26.5/CoreAudio.swiftmodule/arm64e-apple-macos.swiftmodule /Applications/Xcode.app/Contents/Developer/Toolchains/XcodeDefault.xctoolchain/usr/lib/swift/macosx/prebuilt-modules/26.5/CoreImage.swiftmodule/arm64e-apple-macos.swiftmodule /Applications/Xcode.app/Contents/Developer/Toolchains/XcodeDefault.xctoolchain/usr/lib/swift/macosx/prebuilt-modules/26.5/AVFAudio.swiftmodule/arm64e-apple-macos.swiftmodule /Applications/Xcode.app/Contents/Developer/Toolchains/XcodeDefault.xctoolchain/usr/lib/swift/macosx/prebuilt-modules/26.5/Accessibility.swiftmodule/arm64e-apple-macos.swiftmodule /Applications/Xcode.app/Contents/Developer/Toolchains/XcodeDefault.xctoolchain/usr/lib/swift/macosx/prebuilt-modules/26.5/_StringProcessing.swiftmodule/arm64e-apple-macos.swiftmodule /Applications/Xcode.app/Contents/Developer/Toolchains/XcodeDefault.xctoolchain/usr/lib/swift/macosx/prebuilt-modules/26.5/Accelerate.swiftmodule/arm64e-apple-macos.swiftmodule /Applications/Xcode.app/Contents/Developer/Toolchains/XcodeDefault.xctoolchain/usr/lib/swift/macosx/prebuilt-modules/26.5/Metal.swiftmodule/arm64e-apple-macos.swiftmodule /Applications/Xcode.app/Contents/Developer/Toolchains/XcodeDefault.xctoolchain/usr/lib/swift/macosx/prebuilt-modules/26.5/CoreMedia.swiftmodule/arm64e-apple-macos.swiftmodule /Applications/Xcode.app/Contents/Developer/Toolchains/XcodeDefault.xctoolchain/usr/lib/swift/macosx/prebuilt-modules/26.5/SwiftUI.swiftmodule/arm64e-apple-macos.swiftmodule /Applications/Xcode.app/Contents/Developer/Toolchains/XcodeDefault.xctoolchain/usr/lib/swift/macosx/prebuilt-modules/26.5/CoreData.swiftmodule/arm64e-apple-macos.swiftmodule /Applications/Xcode.app/Contents/Developer/Toolchains/XcodeDefault.xctoolchain/usr/lib/swift/macosx/prebuilt-modules/26.5/CoreFoundation.swiftmodule/arm64e-apple-macos.swiftmodule /Applications/Xcode.app/Contents/Developer/Toolchains/XcodeDefault.xctoolchain/usr/lib/swift/macosx/prebuilt-modules/26.5/os.swiftmodule/arm64e-apple-macos.swiftmodule /Applications/Xcode.app/Contents/Developer/Toolchains/XcodeDefault.xctoolchain/usr/lib/swift/macosx/prebuilt-modules/26.5/DeveloperToolsSupport.swiftmodule/arm64e-apple-macos.swiftmodule /Applications/Xcode.app/Contents/Developer/Toolchains/XcodeDefault.xctoolchain/usr/lib/swift/macosx/prebuilt-modules/26.5/Swift.swiftmodule/arm64e-apple-macos.swiftmodule /Applications/Xcode.app/Contents/Developer/Toolchains/XcodeDefault.xctoolchain/usr/lib/swift/macosx/prebuilt-modules/26.5/CoreAudioKit.swiftmodule/arm64e-apple-macos.swiftmodule /Applications/Xcode.app/Contents/Developer/Toolchains/XcodeDefault.xctoolchain/usr/lib/swift/macosx/prebuilt-modules/26.5/Synchronization.swiftmodule/arm64e-apple-macos.swiftmodule /Applications/Xcode.app/Contents/Developer/Toolchains/XcodeDefault.xctoolchain/usr/lib/swift/macosx/prebuilt-modules/26.5/AVFoundation.swiftmodule/arm64e-apple-macos.swiftmodule /Applications/Xcode.app/Contents/Developer/Toolchains/XcodeDefault.xctoolchain/usr/lib/swift/macosx/prebuilt-modules/26.5/Darwin.swiftmodule/arm64e-apple-macos.swiftmodule /Applications/Xcode.app/Contents/Developer/Toolchains/XcodeDefault.xctoolchain/usr/lib/swift/macosx/prebuilt-modules/26.5/_DarwinFoundation3.swiftmodule/arm64e-apple-macos.swiftmodule /Applications/Xcode.app/Contents/Developer/Toolchains/XcodeDefault.xctoolchain/usr/lib/swift/macosx/prebuilt-modules/26.5/SwiftUICore.swiftmodule/arm64e-apple-macos.swiftmodule /Applications/Xcode.app/Contents/Developer/Toolchains/XcodeDefault.xctoolchain/usr/lib/swift/macosx/prebuilt-modules/26.5/CoreTransferable.swiftmodule/arm64e-apple-macos.swiftmodule /Applications/Xcode.app/Contents/Developer/Toolchains/XcodeDefault.xctoolchain/usr/lib/swift/macosx/prebuilt-modules/26.5/IOKit.swiftmodule/arm64e-apple-macos.swiftmodule /Applications/Xcode.app/Contents/Developer/Toolchains/XcodeDefault.xctoolchain/usr/lib/swift/macosx/prebuilt-modules/26.5/Observation.swiftmodule/arm64e-apple-macos.swiftmodule /Applications/Xcode.app/Contents/Developer/Toolchains/XcodeDefault.xctoolchain/usr/lib/swift/macosx/prebuilt-modules/26.5/System.swiftmodule/arm64e-apple-macos.swiftmodule /Applications/Xcode.app/Contents/Developer/Toolchains/XcodeDefault.xctoolchain/usr/lib/swift/macosx/prebuilt-modules/26.5/XPC.swiftmodule/arm64e-apple-macos.swiftmodule /Applications/Xcode.app/Contents/Developer/Toolchains/XcodeDefault.xctoolchain/usr/lib/swift/macosx/prebuilt-modules/26.5/Foundation.swiftmodule/arm64e-apple-macos.swiftmodule /Applications/Xcode.app/Contents/Developer/Toolchains/XcodeDefault.xctoolchain/usr/lib/swift/macosx/prebuilt-modules/26.5/_DarwinFoundation1.swiftmodule/arm64e-apple-macos.swiftmodule /Applications/Xcode.app/Contents/Developer/Toolchains/XcodeDefault.xctoolchain/usr/lib/swift/macosx/prebuilt-modules/26.5/CoreMIDI.swiftmodule/arm64e-apple-macos.swiftmodule /Applications/Xcode.app/Contents/Developer/Toolchains/XcodeDefault.xctoolchain/usr/lib/swift/macosx/prebuilt-modules/26.5/Dispatch.swiftmodule/arm64e-apple-macos.swiftmodule /Applications/Xcode.app/Contents/Developer/Toolchains/XcodeDefault.xctoolchain/usr/lib/swift/macosx/prebuilt-modules/26.5/_Builtin_float.swiftmodule/arm64e-apple-macos.swiftmodule /Applications/Xcode.app/Contents/Developer/Toolchains/XcodeDefault.xctoolchain/usr/lib/swift/macosx/prebuilt-modules/26.5/Spatial.swiftmodule/arm64e-apple-macos.swiftmodule /Applications/Xcode.app/Contents/Developer/Toolchains/XcodeDefault.xctoolchain/usr/lib/swift/macosx/prebuilt-modules/26.5/QuartzCore.swiftmodule/arm64e-apple-macos.swiftmodule /Applications/Xcode.app/Contents/Developer/Toolchains/XcodeDefault.xctoolchain/usr/lib/swift/macosx/prebuilt-modules/26.5/Symbols.swiftmodule/arm64e-apple-macos.swiftmodule /Applications/Xcode.app/Contents/Developer/Toolchains/XcodeDefault.xctoolchain/usr/lib/swift/macosx/prebuilt-modules/26.5/AppKit.swiftmodule/arm64e-apple-macos.swiftmodule /Applications/Xcode.app/Contents/Developer/Toolchains/XcodeDefault.xctoolchain/usr/lib/swift/macosx/prebuilt-modules/26.5/_Concurrency.swiftmodule/arm64e-apple-macos.swiftmodule /Applications/Xcode.app/Contents/Developer/Toolchains/XcodeDefault.xctoolchain/usr/lib/swift/macosx/prebuilt-modules/26.5/ObjectiveC.swiftmodule/arm64e-apple-macos.swiftmodule /Applications/Xcode.app/Contents/Developer/Toolchains/XcodeDefault.xctoolchain/usr/lib/swift/macosx/prebuilt-modules/26.5/AudioToolbox.swiftmodule/arm64e-apple-macos.swiftmodule /Applications/Xcode.app/Contents/Developer/Toolchains/XcodeDefault.xctoolchain/usr/lib/swift/macosx/prebuilt-modules/26.5/UniformTypeIdentifiers.swiftmodule/arm64e-apple-macos.swiftmodule /Applications/Xcode.app/Contents/Developer/Toolchains/XcodeDefault.xctoolchain/usr/lib/swift/macosx/prebuilt-modules/26.5/CoreText.swiftmodule/arm64e-apple-macos.swiftmodule /Applications/Xcode.app/Contents/Developer/Toolchains/XcodeDefault.xctoolchain/usr/lib/swift/macosx/prebuilt-modules/26.5/CoreVideo.swiftmodule/arm64e-apple-macos.swiftmodule /Users/skandavyas/Sonexis/.build/ReleaseAudit/ModuleCache.noindex/Cocoa-C83F9MHSKOZD2YLIIQ5RP51A2.pcm /Users/skandavyas/Sonexis/.build/ReleaseAudit/ModuleCache.noindex/CUPS-5FRZNZ57SVWPMEOVMZWSPC9OI.pcm /Users/skandavyas/Sonexis/.build/ReleaseAudit/ModuleCache.noindex/AppKit-97E8HM9ZGY9FVYHY18E1VNK1Y.pcm /Users/skandavyas/Sonexis/.build/ReleaseAudit/ModuleCache.noindex/CoreFoundation-MENQM21IU7VZNYLC246FPHKC.pcm /Users/skandavyas/Sonexis/.build/ReleaseAudit/ModuleCache.noindex/MediaToolbox-C4OGR6I5ZK73ODHK6XYYMEDZ3.pcm /Users/skandavyas/Sonexis/.build/ReleaseAudit/ModuleCache.noindex/Darwin-DJ3CTQ5BVI0JHAE5IVUCTU0RI.pcm /Users/skandavyas/Sonexis/.build/ReleaseAudit/ModuleCache.noindex/_Builtin_limits-BFWCCL98H9SUQPZJROYE86QL4.pcm /Users/skandavyas/Sonexis/.build/ReleaseAudit/ModuleCache.noindex/_Builtin_stdarg-4Z6E4AK2GZO8NMV2VMS3F5N8G.pcm /Users/skandavyas/Sonexis/.build/ReleaseAudit/ModuleCache.noindex/libkern-AMD8PY4ZILPL93K3QKJP7BI5L.pcm /Users/skandavyas/Sonexis/.build/ReleaseAudit/ModuleCache.noindex/CoreVideo-39VIQGKK431190O4SK6IBNFDS.pcm /Users/skandavyas/Sonexis/.build/ReleaseAudit/ModuleCache.noindex/Symbols-8N1PEGMURH76SKT3GSJLT16VY.pcm /Users/skandavyas/Sonexis/.build/ReleaseAudit/ModuleCache.noindex/CoreAudio-AC224QUMYSQ083JNDDROAMH73.pcm /Users/skandavyas/Sonexis/.build/ReleaseAudit/ModuleCache.noindex/os-7FV05QRP8RYC2MTMRTXAPBT7M.pcm /Users/skandavyas/Sonexis/.build/ReleaseAudit/ModuleCache.noindex/QuartzCore-34LVM5BPHV30K4KH5OR9JMF1C.pcm /Users/skandavyas/Sonexis/.build/ReleaseAudit/ModuleCache.noindex/sys_types-DJNXXU1H6A8EH0TTWAHYHKKLV.pcm /Users/skandavyas/Sonexis/.build/ReleaseAudit/ModuleCache.noindex/_DarwinFoundation3-CAXY6927E49PDRHZINZQPE9JK.pcm /Users/skandavyas/Sonexis/.build/ReleaseAudit/ModuleCache.noindex/Security-BCEJ7VCUTWKR4G561TP88NAI0.pcm /Users/skandavyas/Sonexis/.build/ReleaseAudit/ModuleCache.noindex/AVFoundation-CR98LH7YZWRJM1S9DVC28NET7.pcm /Users/skandavyas/Sonexis/.build/ReleaseAudit/ModuleCache.noindex/Metal-B725VM0KBA1JTNX599V9PO1UL.pcm /Users/skandavyas/Sonexis/.build/ReleaseAudit/ModuleCache.noindex/ObjectiveC-CTURF1AEKDQYIJX3K28BE71J7.pcm /Users/skandavyas/Sonexis/.build/ReleaseAudit/ModuleCache.noindex/_DarwinFoundation2-816K7KVD473W86EKNIOZPNSTY.pcm /Users/skandavyas/Sonexis/.build/ReleaseAudit/ModuleCache.noindex/CoreImage-6BJTYAM1A7XG47RTZC73H4S1P.pcm /Users/skandavyas/Sonexis/.build/ReleaseAudit/ModuleCache.noindex/Spatial-5R743OGYCCH54TIYY1SJZ3HXX.pcm /Users/skandavyas/Sonexis/.build/ReleaseAudit/ModuleCache.noindex/AudioUnit-60Q4Z5W4RW338S4SMXBJDQZAV.pcm /Users/skandavyas/Sonexis/.build/ReleaseAudit/ModuleCache.noindex/ptrcheck-DKMEUOWUMROH7EEQ6RTFURI2.pcm /Users/skandavyas/Sonexis/.build/ReleaseAudit/ModuleCache.noindex/XPC-7FBGHC1SWVUHTEY7YLM4JOFQ.pcm /Users/skandavyas/Sonexis/.build/ReleaseAudit/ModuleCache.noindex/DiskArbitration-90RX251RQ1GHROKVTCN4CGG23.pcm /Users/skandavyas/Sonexis/.build/ReleaseAudit/ModuleCache.noindex/OpenGL-CPSMT0U84N0KZI1O889WRP877.pcm /Users/skandavyas/Sonexis/.build/ReleaseAudit/ModuleCache.noindex/_Builtin_stddef-1Z4IW7N6XW7CENG7NKIVQZHP3.pcm /Users/skandavyas/Sonexis/.build/ReleaseAudit/ModuleCache.noindex/os_workgroup-AOTYNPRUVEVQ0D84K2ZPIAS6I.pcm /Users/skandavyas/Sonexis/.build/ReleaseAudit/ModuleCache.noindex/CoreAudioKit-1J1KI99K9BCPQ53BXP8XRAXC2.pcm /Users/skandavyas/Sonexis/.build/ReleaseAudit/ModuleCache.noindex/ApplicationServices-5QPXVG0I9S1F1T0OD9CM7XVI9.pcm /Users/skandavyas/Sonexis/.build/ReleaseAudit/ModuleCache.noindex/ptrauth-78D2J5T9H3PQV5A26JW00V01W.pcm /Users/skandavyas/Sonexis/.build/ReleaseAudit/ModuleCache.noindex/_Builtin_intrinsics-B1CZACCGGSFT4FQQ7AYTSWAW1.pcm /Users/skandavyas/Sonexis/.build/ReleaseAudit/ModuleCache.noindex/CoreMIDI-C5GQ26RKQDA2W4N10GWJ82E29.pcm /Users/skandavyas/Sonexis/.build/ReleaseAudit/ModuleCache.noindex/Foundation-1JXHB2N8X6XDNQWKDUEORTTXS.pcm /Users/skandavyas/Sonexis/.build/ReleaseAudit/ModuleCache.noindex/OSLog-B76IDT5QQVM19I64TP2IOEPWS.pcm /Users/skandavyas/Sonexis/.build/ReleaseAudit/ModuleCache.noindex/os_object-7R9SFIBDHO24D4DM9RM6FZMD0.pcm /Users/skandavyas/Sonexis/.build/ReleaseAudit/ModuleCache.noindex/libDER-7D7ZUECRB5SQLN5WP2VV7IB83.pcm /Users/skandavyas/Sonexis/.build/ReleaseAudit/ModuleCache.noindex/SwiftUI-C4RO7WMOTI83HCOXYTCPIMRR0.pcm /Users/skandavyas/Sonexis/.build/ReleaseAudit/ModuleCache.noindex/_Builtin_stdint-7K31FP70KFWQ1VTQU24T8NPTJ.pcm /Users/skandavyas/Sonexis/.build/ReleaseAudit/ModuleCache.noindex/UniformTypeIdentifiers-ECFRIDF6FNLFK3YSIU0E29AT2.pcm /Users/skandavyas/Sonexis/.build/ReleaseAudit/ModuleCache.noindex/_Builtin_stdatomic-513SPJNASC04ML5Z8TPS7GCZ9.pcm /Users/skandavyas/Sonexis/.build/ReleaseAudit/ModuleCache.noindex/AVFAudio-1K49NPQW43HR4C4FXTW9IFYMU.pcm /Users/skandavyas/Sonexis/.build/ReleaseAudit/ModuleCache.noindex/CoreServices-BLZ6F2UCYWNWUMNAMJBFYUPEE.pcm /Users/skandavyas/Sonexis/.build/ReleaseAudit/ModuleCache.noindex/_Builtin_tgmath-C9GOKZL1UJDX9QQWLBNS56ION.pcm /Users/skandavyas/Sonexis/.build/ReleaseAudit/ModuleCache.noindex/Dispatch-9GA7XL2U5GLIXVF07RY4NX7TJ.pcm /Users/skandavyas/Sonexis/.build/ReleaseAudit/ModuleCache.noindex/CoreGraphics-6UYDVSVQGAVAYQ4O96EUCBPBJ.pcm /Users/skandavyas/Sonexis/.build/ReleaseAudit/ModuleCache.noindex/IOSurface-68XMPE8MRDEV58WYD96MJI3J3.pcm /Users/skandavyas/Sonexis/.build/ReleaseAudit/ModuleCache.noindex/SwiftShims-NSYKEC9BNYTBYSC8BWFBBNKO.pcm /Users/skandavyas/Sonexis/.build/ReleaseAudit/ModuleCache.noindex/_Builtin_float-4QVPISYCJ5L7ZFNMPIQHNZOIE.pcm /Users/skandavyas/Sonexis/.build/ReleaseAudit/ModuleCache.noindex/CoreAudioTypes-55Q5PVX97P3ETKDHHCX5UEKFF.pcm /Users/skandavyas/Sonexis/.build/ReleaseAudit/ModuleCache.noindex/_Builtin_stdbool-BVF2TMUHL8L364YKWPB47RESQ.pcm /Users/skandavyas/Sonexis/.build/ReleaseAudit/ModuleCache.noindex/simd-4NB28WHJ3IFT7GG83O36AMVNP.pcm /Users/skandavyas/Sonexis/.build/ReleaseAudit/ModuleCache.noindex/DataDetection-AN2PIESMWF7TNZPUP188CG2RN.pcm /Users/skandavyas/Sonexis/.build/ReleaseAudit/ModuleCache.noindex/CoreTransferable-EG5DOYIGIBVVUM0J9GU8JJ5Y6.pcm /Users/skandavyas/Sonexis/.build/ReleaseAudit/ModuleCache.noindex/MachO-5E77CXBUZSUDK00HKXCFVL2AC.pcm /Users/skandavyas/Sonexis/.build/ReleaseAudit/ModuleCache.noindex/DeveloperToolsSupport-AQF4UE6I1PJ1UJWFB79QTLYED.pcm /Users/skandavyas/Sonexis/.build/ReleaseAudit/ModuleCache.noindex/CoreData-43J7C4RFAYU9ORVMTBPTHJXME.pcm /Users/skandavyas/Sonexis/.build/ReleaseAudit/ModuleCache.noindex/AudioToolbox-EYJ2FN3J598U2L0AKR0KJC6W4.pcm /Users/skandavyas/Sonexis/.build/ReleaseAudit/ModuleCache.noindex/CoreText-BL9LH427PINCEHVTDQOVIF5E8.pcm /Users/skandavyas/Sonexis/.build/ReleaseAudit/ModuleCache.noindex/IOKit-6CVJ1EPCXJ98LZW5UPO1T83B3.pcm /Users/skandavyas/Sonexis/.build/ReleaseAudit/ModuleCache.noindex/SwiftUICore-4IMQK93CYL79YY4HY3PRL1N6E.pcm /Users/skandavyas/Sonexis/.build/ReleaseAudit/ModuleCache.noindex/_DarwinFoundation1-4DQDTZS0G1PKJPTINPUCR5OIM.pcm /Users/skandavyas/Sonexis/.build/ReleaseAudit/ModuleCache.noindex/_AvailabilityInternal-5F2X7YPRUGZS89YY74YRD9SYP.pcm /Users/skandavyas/Sonexis/.build/ReleaseAudit/ModuleCache.noindex/_SwiftConcurrencyShims-AS2992H4AX2YABHYYF2ADG57U.pcm /Users/skandavyas/Sonexis/.build/ReleaseAudit/ModuleCache.noindex/Carbon-BSSJQAVH0OJPNXGTMB6USI8NP.pcm /Users/skandavyas/Sonexis/.build/ReleaseAudit/ModuleCache.noindex/CoreAudioKitPrivate-7OD6SYRPPI9GLQUT7EXPAKB9I.pcm /Users/skandavyas/Sonexis/.build/ReleaseAudit/ModuleCache.noindex/Accelerate-3RIJ55RM53WKQX0A6WYNQW677.pcm /Users/skandavyas/Sonexis/.build/ReleaseAudit/ModuleCache.noindex/ColorSync-EEBQ54PQP8UHJ3TPA2T2JTHEK.pcm /Users/skandavyas/Sonexis/.build/ReleaseAudit/ModuleCache.noindex/CFNetwork-3MXC2FU2IQYLCUQQ8O2IHD3E9.pcm /Users/skandavyas/Sonexis/.build/ReleaseAudit/ModuleCache.noindex/launch-B00RR3QFI0KG5TI45N3Z11K2M.pcm /Users/skandavyas/Sonexis/.build/ReleaseAudit/ModuleCache.noindex/ImageIO-254RX673EGFTD0VTDECI0ZD3I.pcm /Users/skandavyas/Sonexis/.build/ReleaseAudit/ModuleCache.noindex/_Builtin_inttypes-E6LK9D580SUBSHU82EB5ZNPU3.pcm /Users/skandavyas/Sonexis/.build/ReleaseAudit/ModuleCache.noindex/Accessibility-AM6ODB51B09D14UG45S35EB1Q.pcm /Users/skandavyas/Sonexis/.build/ReleaseAudit/ModuleCache.noindex/CoreMedia-4VAWJSYWZ9MWMI1VDQDN0VYNX.pcm /Users/skandavyas/Sonexis/.build/ReleaseAudit/Build/Intermediates.noindex/Sonexis.build/Release/Sonexis.build/Objects-normal/arm64/Sonexis-dependencies-2.json /Users/skandavyas/Sonexis/.build/ReleaseAudit/Build/Intermediates.noindex/Sonexis.build/Release/Sonexis.build/Objects-normal/arm64/Sonexis-primary-Bridging-header.pch (in target 'Sonexis' from project 'Sonexis')
CompileSwift normal arm64 (in target 'Sonexis' from project 'Sonexis')
    cd /Users/skandavyas/Sonexis
    
/Users/skandavyas/Sonexis/Sonexis/MenuBarController.swift:48:22: warning: 'onChange(of:perform:)' was deprecated in macOS 14.0: Use `onChange` with a two or zero parameter action closure instead.
                    .onChange(of: proxy.size) { [weak self] size in self?.resize(to: size) }
                     ^
/Users/skandavyas/Sonexis/Sonexis/Models/PluginManager.swift:108:37: warning: 'componentURL' was deprecated in macOS 10.11
                let url = component.componentURL?.path ?? "(no url)"
                                    ^
/Users/skandavyas/Sonexis/Sonexis/Models/PluginManager.swift:127:37: warning: 'componentURL' was deprecated in macOS 10.11
                location: component.componentURL
                                    ^
/Users/skandavyas/Sonexis/Sonexis/CanvasView/CanvasView.swift:227:14: warning: 'onChange(of:perform:)' was deprecated in macOS 14.0: Use `onChange` with a two or zero parameter action closure instead.
            .onChange(of: graphMode) { _ in
             ^
/Users/skandavyas/Sonexis/Sonexis/CanvasView/CanvasView.swift:277:14: warning: 'onChange(of:perform:)' was deprecated in macOS 14.0: Use `onChange` with a two or zero parameter action closure instead.
            .onChange(of: wiringMode) { newMode in
             ^
/Users/skandavyas/Sonexis/Sonexis/CanvasView/CanvasView.swift:318:22: warning: 'onChange(of:perform:)' was deprecated in macOS 14.0: Use `onChange` with a two or zero parameter action closure instead.
                    .onChange(of: autoConnectEnd) { _ in
                     ^
/Users/skandavyas/Sonexis/Sonexis/CanvasView/CanvasView.swift:909:18: warning: 'onChange(of:perform:)' was deprecated in macOS 14.0: Use `onChange` with a two or zero parameter action closure instead.
                .onChange(of: geometry.size) { newSize in
                 ^
/Users/skandavyas/Sonexis/Sonexis/CanvasView/CanvasView.swift:1067:10: warning: 'onChange(of:perform:)' was deprecated in macOS 14.0: Use `onChange` with a two or zero parameter action closure instead.
        .onChange(of: tutorial.step) { step in
         ^
/Users/skandavyas/Sonexis/Sonexis/CanvasView/CanvasView.swift:1087:10: warning: 'onChange(of:perform:)' was deprecated in macOS 14.0: Use `onChange` with a two or zero parameter action closure instead.
        .onChange(of: audioEngine.isRunning) { isRunning in
         ^
/Users/skandavyas/Sonexis/Sonexis/CanvasView/CanvasView.swift:1090:10: warning: 'onChange(of:perform:)' was deprecated in macOS 14.0: Use `onChange` with a two or zero parameter action closure instead.
        .onChange(of: scenePhase) { phase in
         ^
/Users/skandavyas/Sonexis/Sonexis/CanvasView/CanvasView.swift:1458:21: warning: initialization of immutable value 'edges' was never used; consider replacing with assignment to '_' or removing it
                let edges = manualGraphEdges(lane: nil)
                ~~~~^~~~~
                _
/Users/skandavyas/Sonexis/Sonexis/CanvasView/EffectTray.swift:237:10: warning: 'onChange(of:perform:)' was deprecated in macOS 14.0: Use `onChange` with a two or zero parameter action closure instead.
        .onChange(of: tutorialStep) { step in
         ^
/Users/skandavyas/Sonexis/Sonexis/CanvasView/EffectBlockHorizontal.swift:202:10: warning: 'onChange(of:perform:)' was deprecated in macOS 14.0: Use `onChange` with a two or zero parameter action closure instead.
        .onChange(of: tutorialStep) { step in
         ^
/Users/skandavyas/Sonexis/Sonexis/CanvasView/EffectBlockHorizontal.swift:214:10: warning: 'onChange(of:perform:)' was deprecated in macOS 14.0: Use `onChange` with a two or zero parameter action closure instead.
        .onChange(of: isDropAnimating) { triggered in
         ^
/Users/skandavyas/Sonexis/Sonexis/ContentView/ContentView.swift:318:10: warning: 'onChange(of:perform:)' was deprecated in macOS 14.0: Use `onChange` with a two or zero parameter action closure instead.
        .onChange(of: activeScreen) { newValue in
         ^
/Users/skandavyas/Sonexis/Sonexis/ContentView/ContentView.swift:324:10: warning: 'onChange(of:perform:)' was deprecated in macOS 14.0: Use `onChange` with a two or zero parameter action closure instead.
        .onChange(of: showingAudioSettings) { isShowing in
         ^
/Users/skandavyas/Sonexis/Sonexis/ContentView/ContentView.swift:344:10: warning: 'onChange(of:perform:)' was deprecated in macOS 14.0: Use `onChange` with a two or zero parameter action closure instead.
        .onChange(of: tutorial.isActive) { active in
         ^
/Users/skandavyas/Sonexis/Sonexis/ContentView/ContentView.swift:349:10: warning: 'onChange(of:perform:)' was deprecated in macOS 14.0: Use `onChange` with a two or zero parameter action closure instead.
        .onChange(of: tutorial.step) { newStep in
         ^
/Users/skandavyas/Sonexis/Sonexis/ContentView/ContentView.swift:415:10: warning: 'onChange(of:perform:)' was deprecated in macOS 14.0: Use `onChange` with a two or zero parameter action closure instead.
        .onChange(of: audioEngine.pendingGraphLoadRequest == nil) { didApply in
         ^
/Users/skandavyas/Sonexis/Sonexis/ContentView/ContentView.swift:425:10: warning: 'onChange(of:perform:)' was deprecated in macOS 14.0: Use `onChange` with a two or zero parameter action closure instead.
        .onChange(of: tutorial.pendingNextLesson) { _ in
         ^
/Users/skandavyas/Sonexis/Sonexis/ContentView/ContentView.swift:429:10: warning: 'onChange(of:perform:)' was deprecated in macOS 14.0: Use `onChange` with a two or zero parameter action closure instead.
        .onChange(of: chainWorkspace.issue) { issue in
         ^
/Users/skandavyas/Sonexis/Sonexis/ContentView/ContentView.swift:432:10: warning: 'onChange(of:perform:)' was deprecated in macOS 14.0: Use `onChange` with a two or zero parameter action closure instead.
        .onChange(of: showSetupOverlay) { isVisible in
         ^
/Users/skandavyas/Sonexis/Sonexis/ContentView/ContentView.swift:450:10: warning: 'onChange(of:perform:)' was deprecated in macOS 14.0: Use `onChange` with a two or zero parameter action closure instead.
        .onChange(of: currentPresetID) { _ in captureWorkspace() }
         ^
/Users/skandavyas/Sonexis/Sonexis/ContentView/ContentView.swift:451:10: warning: 'onChange(of:perform:)' was deprecated in macOS 14.0: Use `onChange` with a two or zero parameter action closure instead.
        .onChange(of: audioEngine.processingEnabled) { _ in captureWorkspace() }
         ^
/Users/skandavyas/Sonexis/Sonexis/ContentView/ContentView.swift:452:10: warning: 'onChange(of:perform:)' was deprecated in macOS 14.0: Use `onChange` with a two or zero parameter action closure instead.
        .onChange(of: audioEngine.processTapInputTrimDB) { _ in captureWorkspace() }
         ^
/Users/skandavyas/Sonexis/Sonexis/ContentView/ContentView.swift:453:10: warning: 'onChange(of:perform:)' was deprecated in macOS 14.0: Use `onChange` with a two or zero parameter action closure instead.
        .onChange(of: audioEngine.processTapOutputMakeupDB) { _ in captureWorkspace() }
         ^
/Users/skandavyas/Sonexis/Sonexis/ContentView/ContentView.swift:454:10: warning: 'onChange(of:perform:)' was deprecated in macOS 14.0: Use `onChange` with a two or zero parameter action closure instead.
        .onChange(of: audioEngine.processTapOutputCeilingEnabled) { _ in captureWorkspace() }
         ^
/Users/skandavyas/Sonexis/Sonexis/ContentView/ContentView.swift:498:10: warning: 'onChange(of:perform:)' was deprecated in macOS 14.0: Use `onChange` with a two or zero parameter action closure instead.
        .onChange(of: showingLoadDialog) { isShowing in
         ^
/Users/skandavyas/Sonexis/Sonexis/ContentView/HeaderView.swift:43:22: warning: 'onChange(of:perform:)' was deprecated in macOS 14.0: Use `onChange` with a two or zero parameter action closure instead.
                    .onChange(of: tutorial.step) { step in
                     ^
/Users/skandavyas/Sonexis/Sonexis/ContentView/HeaderView.swift:46:22: warning: 'onChange(of:perform:)' was deprecated in macOS 14.0: Use `onChange` with a two or zero parameter action closure instead.
                    .onChange(of: audioEngine.isRunning) { running in
                     ^
/Users/skandavyas/Sonexis/Sonexis/ContentView/HeaderView.swift:321:15: warning: 'allowedFileTypes' was deprecated in macOS 12.0: Use -allowedContentTypes instead
        panel.allowedFileTypes = ["wav"]
              ^
/Users/skandavyas/Sonexis/Sonexis/PresetManager.swift:74:17: warning: variable 'node' was never mutated; consider changing to 'let' constant
            var node = BeginnerNode(
            ~~~ ^
            let

SwiftDriverJobDiscovery normal x86_64 Compiling ChainWorkspace.swift, MultiChainAudioEngine.swift, ProcessTapSelection.swift, AudioCaptureTarget.swift, MenuBarController.swift, AudioRecordingSession.swift, GraphOutputTransition.swift, GraphRoutingPlan.swift, DesignSystem.swift, TutorialCardView.swift, EffectType.swift, EffectBlock.swift, EffectChain.swift, GraphModels.swift, PluginModels.swift, PresetModels.swift, PluginManager.swift, AdvancedModels.swift, ProjectModels.swift, CanvasView.swift, PluginEditorView.swift, CanvasDropDelegate.swift, InsertionIndicator.swift, EffectTray.swift, StartEndNodes.swift, FlowConnection.swift, FlowLine.swift, EffectBlockHorizontal.swift, EffectParametersViewCompact.swift, SupportingTypes.swift, ContentView.swift, OnboardingOverlay.swift, EngineStoppedAlert.swift, LoadPresetDialog.swift, HomeView.swift, OverlayKeyCapture.swift, AppTopBar.swift, TutorialTypes.swift, TutorialController.swift, TutorialOverlay.swift, SavePresetDialog.swift, HeaderView.swift, PresetView.swift, SonexisApp.swift, AudioEngine.swift, PluginHosting.swift, Effects.swift, Graph.swift, IO.swift, Lifecycle.swift, Presets.swift, Routing.swift, PresetManager.swift, WorkspaceStore.swift, EditorWindowController.swift, AudioOutputEngine.swift, CoreAudioSupport.swift, DSPConfiguration.swift, DSPProcessor.swift, ProcessTapDSPApp.swift, ProcessTapDSPEngine.swift, RealtimeRingBuffer.swift, TapCaptureEngine.swift, ProcessTapBackend.swift, ProcessTapProcessingWorker.swift, GeneratedAssetSymbols.swift (in target 'Sonexis' from project 'Sonexis')

SwiftDriver\ Compilation\ Requirements Sonexis normal x86_64 com.apple.xcode.tools.swift.compiler (in target 'Sonexis' from project 'Sonexis')
    cd /Users/skandavyas/Sonexis
    builtin-Swift-Compilation-Requirements -- /Applications/Xcode.app/Contents/Developer/Toolchains/XcodeDefault.xctoolchain/usr/bin/swiftc -module-name Sonexis -O -whole-module-optimization @/Users/skandavyas/Sonexis/.build/ReleaseAudit/Build/Intermediates.noindex/Sonexis.build/Release/Sonexis.build/Objects-normal/x86_64/Sonexis.SwiftFileList -enable-bare-slash-regex -enable-experimental-feature DebugDescriptionMacro -sdk /Applications/Xcode.app/Contents/Developer/Platforms/MacOSX.platform/Developer/SDKs/MacOSX26.5.sdk -target x86_64-apple-macos14.4 -g -module-cache-path /Users/skandavyas/Sonexis/.build/ReleaseAudit/ModuleCache.noindex -Xfrontend -serialize-debugging-options -enable-testing -swift-version 5 -I /Users/skandavyas/Sonexis/.build/ReleaseAudit/Build/Products/Release -F /Users/skandavyas/Sonexis/.build/ReleaseAudit/Build/Products/Release -emit-localized-strings -emit-localized-strings-path /Users/skandavyas/Sonexis/.build/ReleaseAudit/Build/Intermediates.noindex/Sonexis.build/Release/Sonexis.build/Objects-normal/x86_64 -c -num-threads 10 -Xcc -ivfsstatcache -Xcc /Users/skandavyas/Sonexis/.build/ReleaseAudit/SDKStatCaches.noindex/macosx26.5-25F70-e082c4a02f00227109f4ed75e425c832.sdkstatcache -output-file-map /Users/skandavyas/Sonexis/.build/ReleaseAudit/Build/Intermediates.noindex/Sonexis.build/Release/Sonexis.build/Objects-normal/x86_64/Sonexis-OutputFileMap.json -use-frontend-parseable-output -save-temps -no-color-diagnostics -explicit-module-build -module-cache-path /Users/skandavyas/Sonexis/.build/ReleaseAudit/Build/Intermediates.noindex/SwiftExplicitPrecompiledModules -clang-scanner-module-cache-path /Users/skandavyas/Sonexis/.build/ReleaseAudit/ModuleCache.noindex -sdk-module-cache-path /Users/skandavyas/Sonexis/.build/ReleaseAudit/ModuleCache.noindex -serialize-diagnostics -emit-dependencies -emit-module -emit-module-path /Users/skandavyas/Sonexis/.build/ReleaseAudit/Build/Intermediates.noindex/Sonexis.build/Release/Sonexis.build/Objects-normal/x86_64/Sonexis.swiftmodule -validate-clang-modules-once -clang-build-session-file /Users/skandavyas/Sonexis/.build/ReleaseAudit/ModuleCache.noindex/Session.modulevalidation -Xcc -I/Users/skandavyas/Sonexis/.build/ReleaseAudit/Build/Intermediates.noindex/Sonexis.build/Release/Sonexis.build/swift-overrides.hmap -emit-const-values -Xfrontend -const-gather-protocols-file -Xfrontend /Users/skandavyas/Sonexis/.build/ReleaseAudit/Build/Intermediates.noindex/Sonexis.build/Release/Sonexis.build/Objects-normal/x86_64/Sonexis_const_extract_protocols.json -Xcc -iquote -Xcc /Users/skandavyas/Sonexis/.build/ReleaseAudit/Build/Intermediates.noindex/Sonexis.build/Release/Sonexis.build/Sonexis-generated-files.hmap -Xcc -I/Users/skandavyas/Sonexis/.build/ReleaseAudit/Build/Intermediates.noindex/Sonexis.build/Release/Sonexis.build/Sonexis-own-target-headers.hmap -Xcc -I/Users/skandavyas/Sonexis/.build/ReleaseAudit/Build/Intermediates.noindex/Sonexis.build/Release/Sonexis.build/Sonexis-all-target-headers.hmap -Xcc -iquote -Xcc /Users/skandavyas/Sonexis/.build/ReleaseAudit/Build/Intermediates.noindex/Sonexis.build/Release/Sonexis.build/Sonexis-project-headers.hmap -Xcc -I/Users/skandavyas/Sonexis/.build/ReleaseAudit/Build/Products/Release/include -Xcc -I/Users/skandavyas/Sonexis/External/rubberband/rubberband -Xcc -I/Users/skandavyas/Sonexis/External/rubberband -Xcc -I/Users/skandavyas/Sonexis/.build/ReleaseAudit/Build/Intermediates.noindex/Sonexis.build/Release/Sonexis.build/DerivedSources-normal/x86_64 -Xcc -I/Users/skandavyas/Sonexis/.build/ReleaseAudit/Build/Intermediates.noindex/Sonexis.build/Release/Sonexis.build/DerivedSources/x86_64 -Xcc -I/Users/skandavyas/Sonexis/.build/ReleaseAudit/Build/Intermediates.noindex/Sonexis.build/Release/Sonexis.build/DerivedSources -emit-objc-header -emit-objc-header-path /Users/skandavyas/Sonexis/.build/ReleaseAudit/Build/Intermediates.noindex/Sonexis.build/Release/Sonexis.build/Objects-normal/x86_64/Sonexis-Swift.h -import-objc-header /Users/skandavyas/Sonexis/Sonexis/Sonexis-Bridging-Header.h -working-directory /Users/skandavyas/Sonexis -no-emit-module-separately-wmo

Copy /Users/skandavyas/Sonexis/.build/ReleaseAudit/Build/Products/Release/Sonexis.swiftmodule/x86_64-apple-macos.swiftmodule /Users/skandavyas/Sonexis/.build/ReleaseAudit/Build/Intermediates.noindex/Sonexis.build/Release/Sonexis.build/Objects-normal/x86_64/Sonexis.swiftmodule (in target 'Sonexis' from project 'Sonexis')
    cd /Users/skandavyas/Sonexis
    builtin-copy -exclude .DS_Store -exclude CVS -exclude .svn -exclude .git -exclude .hg -resolve-src-symlinks -rename /Users/skandavyas/Sonexis/.build/ReleaseAudit/Build/Intermediates.noindex/Sonexis.build/Release/Sonexis.build/Objects-normal/x86_64/Sonexis.swiftmodule /Users/skandavyas/Sonexis/.build/ReleaseAudit/Build/Products/Release/Sonexis.swiftmodule/x86_64-apple-macos.swiftmodule

Copy /Users/skandavyas/Sonexis/.build/ReleaseAudit/Build/Products/Release/Sonexis.swiftmodule/x86_64-apple-macos.swiftdoc /Users/skandavyas/Sonexis/.build/ReleaseAudit/Build/Intermediates.noindex/Sonexis.build/Release/Sonexis.build/Objects-normal/x86_64/Sonexis.swiftdoc (in target 'Sonexis' from project 'Sonexis')
    cd /Users/skandavyas/Sonexis
    builtin-copy -exclude .DS_Store -exclude CVS -exclude .svn -exclude .git -exclude .hg -resolve-src-symlinks -rename /Users/skandavyas/Sonexis/.build/ReleaseAudit/Build/Intermediates.noindex/Sonexis.build/Release/Sonexis.build/Objects-normal/x86_64/Sonexis.swiftdoc /Users/skandavyas/Sonexis/.build/ReleaseAudit/Build/Products/Release/Sonexis.swiftmodule/x86_64-apple-macos.swiftdoc

Copy /Users/skandavyas/Sonexis/.build/ReleaseAudit/Build/Products/Release/Sonexis.swiftmodule/x86_64-apple-macos.abi.json /Users/skandavyas/Sonexis/.build/ReleaseAudit/Build/Intermediates.noindex/Sonexis.build/Release/Sonexis.build/Objects-normal/x86_64/Sonexis.abi.json (in target 'Sonexis' from project 'Sonexis')
    cd /Users/skandavyas/Sonexis
    builtin-copy -exclude .DS_Store -exclude CVS -exclude .svn -exclude .git -exclude .hg -resolve-src-symlinks -rename /Users/skandavyas/Sonexis/.build/ReleaseAudit/Build/Intermediates.noindex/Sonexis.build/Release/Sonexis.build/Objects-normal/x86_64/Sonexis.abi.json /Users/skandavyas/Sonexis/.build/ReleaseAudit/Build/Products/Release/Sonexis.swiftmodule/x86_64-apple-macos.abi.json

Copy /Users/skandavyas/Sonexis/.build/ReleaseAudit/Build/Products/Release/Sonexis.swiftmodule/Project/x86_64-apple-macos.swiftsourceinfo /Users/skandavyas/Sonexis/.build/ReleaseAudit/Build/Intermediates.noindex/Sonexis.build/Release/Sonexis.build/Objects-normal/x86_64/Sonexis.swiftsourceinfo (in target 'Sonexis' from project 'Sonexis')
    cd /Users/skandavyas/Sonexis
    builtin-copy -exclude .DS_Store -exclude CVS -exclude .svn -exclude .git -exclude .hg -resolve-src-symlinks -rename /Users/skandavyas/Sonexis/.build/ReleaseAudit/Build/Intermediates.noindex/Sonexis.build/Release/Sonexis.build/Objects-normal/x86_64/Sonexis.swiftsourceinfo /Users/skandavyas/Sonexis/.build/ReleaseAudit/Build/Products/Release/Sonexis.swiftmodule/Project/x86_64-apple-macos.swiftsourceinfo

SwiftDriverJobDiscovery normal arm64 Compiling ChainWorkspace.swift, MultiChainAudioEngine.swift, ProcessTapSelection.swift, AudioCaptureTarget.swift, MenuBarController.swift, AudioRecordingSession.swift, GraphOutputTransition.swift, GraphRoutingPlan.swift, DesignSystem.swift, TutorialCardView.swift, EffectType.swift, EffectBlock.swift, EffectChain.swift, GraphModels.swift, PluginModels.swift, PresetModels.swift, PluginManager.swift, AdvancedModels.swift, ProjectModels.swift, CanvasView.swift, PluginEditorView.swift, CanvasDropDelegate.swift, InsertionIndicator.swift, EffectTray.swift, StartEndNodes.swift, FlowConnection.swift, FlowLine.swift, EffectBlockHorizontal.swift, EffectParametersViewCompact.swift, SupportingTypes.swift, ContentView.swift, OnboardingOverlay.swift, EngineStoppedAlert.swift, LoadPresetDialog.swift, HomeView.swift, OverlayKeyCapture.swift, AppTopBar.swift, TutorialTypes.swift, TutorialController.swift, TutorialOverlay.swift, SavePresetDialog.swift, HeaderView.swift, PresetView.swift, SonexisApp.swift, AudioEngine.swift, PluginHosting.swift, Effects.swift, Graph.swift, IO.swift, Lifecycle.swift, Presets.swift, Routing.swift, PresetManager.swift, WorkspaceStore.swift, EditorWindowController.swift, AudioOutputEngine.swift, CoreAudioSupport.swift, DSPConfiguration.swift, DSPProcessor.swift, ProcessTapDSPApp.swift, ProcessTapDSPEngine.swift, RealtimeRingBuffer.swift, TapCaptureEngine.swift, ProcessTapBackend.swift, ProcessTapProcessingWorker.swift, GeneratedAssetSymbols.swift (in target 'Sonexis' from project 'Sonexis')

SwiftDriver\ Compilation\ Requirements Sonexis normal arm64 com.apple.xcode.tools.swift.compiler (in target 'Sonexis' from project 'Sonexis')
    cd /Users/skandavyas/Sonexis
    builtin-Swift-Compilation-Requirements -- /Applications/Xcode.app/Contents/Developer/Toolchains/XcodeDefault.xctoolchain/usr/bin/swiftc -module-name Sonexis -O -whole-module-optimization @/Users/skandavyas/Sonexis/.build/ReleaseAudit/Build/Intermediates.noindex/Sonexis.build/Release/Sonexis.build/Objects-normal/arm64/Sonexis.SwiftFileList -enable-bare-slash-regex -enable-experimental-feature DebugDescriptionMacro -sdk /Applications/Xcode.app/Contents/Developer/Platforms/MacOSX.platform/Developer/SDKs/MacOSX26.5.sdk -target arm64-apple-macos14.4 -g -module-cache-path /Users/skandavyas/Sonexis/.build/ReleaseAudit/ModuleCache.noindex -Xfrontend -serialize-debugging-options -enable-testing -swift-version 5 -I /Users/skandavyas/Sonexis/.build/ReleaseAudit/Build/Products/Release -F /Users/skandavyas/Sonexis/.build/ReleaseAudit/Build/Products/Release -emit-localized-strings -emit-localized-strings-path /Users/skandavyas/Sonexis/.build/ReleaseAudit/Build/Intermediates.noindex/Sonexis.build/Release/Sonexis.build/Objects-normal/arm64 -c -num-threads 10 -Xcc -ivfsstatcache -Xcc /Users/skandavyas/Sonexis/.build/ReleaseAudit/SDKStatCaches.noindex/macosx26.5-25F70-e082c4a02f00227109f4ed75e425c832.sdkstatcache -output-file-map /Users/skandavyas/Sonexis/.build/ReleaseAudit/Build/Intermediates.noindex/Sonexis.build/Release/Sonexis.build/Objects-normal/arm64/Sonexis-OutputFileMap.json -use-frontend-parseable-output -save-temps -no-color-diagnostics -explicit-module-build -module-cache-path /Users/skandavyas/Sonexis/.build/ReleaseAudit/Build/Intermediates.noindex/SwiftExplicitPrecompiledModules -clang-scanner-module-cache-path /Users/skandavyas/Sonexis/.build/ReleaseAudit/ModuleCache.noindex -sdk-module-cache-path /Users/skandavyas/Sonexis/.build/ReleaseAudit/ModuleCache.noindex -serialize-diagnostics -emit-dependencies -emit-module -emit-module-path /Users/skandavyas/Sonexis/.build/ReleaseAudit/Build/Intermediates.noindex/Sonexis.build/Release/Sonexis.build/Objects-normal/arm64/Sonexis.swiftmodule -validate-clang-modules-once -clang-build-session-file /Users/skandavyas/Sonexis/.build/ReleaseAudit/ModuleCache.noindex/Session.modulevalidation -Xcc -I/Users/skandavyas/Sonexis/.build/ReleaseAudit/Build/Intermediates.noindex/Sonexis.build/Release/Sonexis.build/swift-overrides.hmap -emit-const-values -Xfrontend -const-gather-protocols-file -Xfrontend /Users/skandavyas/Sonexis/.build/ReleaseAudit/Build/Intermediates.noindex/Sonexis.build/Release/Sonexis.build/Objects-normal/arm64/Sonexis_const_extract_protocols.json -Xcc -iquote -Xcc /Users/skandavyas/Sonexis/.build/ReleaseAudit/Build/Intermediates.noindex/Sonexis.build/Release/Sonexis.build/Sonexis-generated-files.hmap -Xcc -I/Users/skandavyas/Sonexis/.build/ReleaseAudit/Build/Intermediates.noindex/Sonexis.build/Release/Sonexis.build/Sonexis-own-target-headers.hmap -Xcc -I/Users/skandavyas/Sonexis/.build/ReleaseAudit/Build/Intermediates.noindex/Sonexis.build/Release/Sonexis.build/Sonexis-all-target-headers.hmap -Xcc -iquote -Xcc /Users/skandavyas/Sonexis/.build/ReleaseAudit/Build/Intermediates.noindex/Sonexis.build/Release/Sonexis.build/Sonexis-project-headers.hmap -Xcc -I/Users/skandavyas/Sonexis/.build/ReleaseAudit/Build/Products/Release/include -Xcc -I/Users/skandavyas/Sonexis/External/rubberband/rubberband -Xcc -I/Users/skandavyas/Sonexis/External/rubberband -Xcc -I/Users/skandavyas/Sonexis/.build/ReleaseAudit/Build/Intermediates.noindex/Sonexis.build/Release/Sonexis.build/DerivedSources-normal/arm64 -Xcc -I/Users/skandavyas/Sonexis/.build/ReleaseAudit/Build/Intermediates.noindex/Sonexis.build/Release/Sonexis.build/DerivedSources/arm64 -Xcc -I/Users/skandavyas/Sonexis/.build/ReleaseAudit/Build/Intermediates.noindex/Sonexis.build/Release/Sonexis.build/DerivedSources -emit-objc-header -emit-objc-header-path /Users/skandavyas/Sonexis/.build/ReleaseAudit/Build/Intermediates.noindex/Sonexis.build/Release/Sonexis.build/Objects-normal/arm64/Sonexis-Swift.h -import-objc-header /Users/skandavyas/Sonexis/Sonexis/Sonexis-Bridging-Header.h -working-directory /Users/skandavyas/Sonexis -no-emit-module-separately-wmo

SwiftMergeGeneratedHeaders /Users/skandavyas/Sonexis/.build/ReleaseAudit/Build/Intermediates.noindex/Sonexis.build/Release/Sonexis.build/DerivedSources/Sonexis-Swift.h /Users/skandavyas/Sonexis/.build/ReleaseAudit/Build/Intermediates.noindex/Sonexis.build/Release/Sonexis.build/Objects-normal/arm64/Sonexis-Swift.h /Users/skandavyas/Sonexis/.build/ReleaseAudit/Build/Intermediates.noindex/Sonexis.build/Release/Sonexis.build/Objects-normal/x86_64/Sonexis-Swift.h (in target 'Sonexis' from project 'Sonexis')
    cd /Users/skandavyas/Sonexis
    builtin-swiftHeaderTool -arch arm64 /Users/skandavyas/Sonexis/.build/ReleaseAudit/Build/Intermediates.noindex/Sonexis.build/Release/Sonexis.build/Objects-normal/arm64/Sonexis-Swift.h -arch x86_64 /Users/skandavyas/Sonexis/.build/ReleaseAudit/Build/Intermediates.noindex/Sonexis.build/Release/Sonexis.build/Objects-normal/x86_64/Sonexis-Swift.h -o /Users/skandavyas/Sonexis/.build/ReleaseAudit/Build/Intermediates.noindex/Sonexis.build/Release/Sonexis.build/DerivedSources/Sonexis-Swift.h

Copy /Users/skandavyas/Sonexis/.build/ReleaseAudit/Build/Products/Release/Sonexis.swiftmodule/arm64-apple-macos.swiftmodule /Users/skandavyas/Sonexis/.build/ReleaseAudit/Build/Intermediates.noindex/Sonexis.build/Release/Sonexis.build/Objects-normal/arm64/Sonexis.swiftmodule (in target 'Sonexis' from project 'Sonexis')
    cd /Users/skandavyas/Sonexis
    builtin-copy -exclude .DS_Store -exclude CVS -exclude .svn -exclude .git -exclude .hg -resolve-src-symlinks -rename /Users/skandavyas/Sonexis/.build/ReleaseAudit/Build/Intermediates.noindex/Sonexis.build/Release/Sonexis.build/Objects-normal/arm64/Sonexis.swiftmodule /Users/skandavyas/Sonexis/.build/ReleaseAudit/Build/Products/Release/Sonexis.swiftmodule/arm64-apple-macos.swiftmodule

Copy /Users/skandavyas/Sonexis/.build/ReleaseAudit/Build/Products/Release/Sonexis.swiftmodule/arm64-apple-macos.abi.json /Users/skandavyas/Sonexis/.build/ReleaseAudit/Build/Intermediates.noindex/Sonexis.build/Release/Sonexis.build/Objects-normal/arm64/Sonexis.abi.json (in target 'Sonexis' from project 'Sonexis')
    cd /Users/skandavyas/Sonexis
    builtin-copy -exclude .DS_Store -exclude CVS -exclude .svn -exclude .git -exclude .hg -resolve-src-symlinks -rename /Users/skandavyas/Sonexis/.build/ReleaseAudit/Build/Intermediates.noindex/Sonexis.build/Release/Sonexis.build/Objects-normal/arm64/Sonexis.abi.json /Users/skandavyas/Sonexis/.build/ReleaseAudit/Build/Products/Release/Sonexis.swiftmodule/arm64-apple-macos.abi.json

Copy /Users/skandavyas/Sonexis/.build/ReleaseAudit/Build/Products/Release/Sonexis.swiftmodule/Project/arm64-apple-macos.swiftsourceinfo /Users/skandavyas/Sonexis/.build/ReleaseAudit/Build/Intermediates.noindex/Sonexis.build/Release/Sonexis.build/Objects-normal/arm64/Sonexis.swiftsourceinfo (in target 'Sonexis' from project 'Sonexis')
    cd /Users/skandavyas/Sonexis
    builtin-copy -exclude .DS_Store -exclude CVS -exclude .svn -exclude .git -exclude .hg -resolve-src-symlinks -rename /Users/skandavyas/Sonexis/.build/ReleaseAudit/Build/Intermediates.noindex/Sonexis.build/Release/Sonexis.build/Objects-normal/arm64/Sonexis.swiftsourceinfo /Users/skandavyas/Sonexis/.build/ReleaseAudit/Build/Products/Release/Sonexis.swiftmodule/Project/arm64-apple-macos.swiftsourceinfo

Copy /Users/skandavyas/Sonexis/.build/ReleaseAudit/Build/Products/Release/Sonexis.swiftmodule/arm64-apple-macos.swiftdoc /Users/skandavyas/Sonexis/.build/ReleaseAudit/Build/Intermediates.noindex/Sonexis.build/Release/Sonexis.build/Objects-normal/arm64/Sonexis.swiftdoc (in target 'Sonexis' from project 'Sonexis')
    cd /Users/skandavyas/Sonexis
    builtin-copy -exclude .DS_Store -exclude CVS -exclude .svn -exclude .git -exclude .hg -resolve-src-symlinks -rename /Users/skandavyas/Sonexis/.build/ReleaseAudit/Build/Intermediates.noindex/Sonexis.build/Release/Sonexis.build/Objects-normal/arm64/Sonexis.swiftdoc /Users/skandavyas/Sonexis/.build/ReleaseAudit/Build/Products/Release/Sonexis.swiftmodule/arm64-apple-macos.swiftdoc

CompileC /Users/skandavyas/Sonexis/.build/ReleaseAudit/Build/Intermediates.noindex/Sonexis.build/Release/Sonexis.build/Objects-normal/x86_64/RubberBandWrapper.o /Users/skandavyas/Sonexis/Sonexis/Wrappers/RubberBandWrapper.mm normal x86_64 objective-c++ com.apple.compilers.llvm.clang.1_0.compiler (in target 'Sonexis' from project 'Sonexis')
    cd /Users/skandavyas/Sonexis
    
    Using response file: /Users/skandavyas/Sonexis/.build/ReleaseAudit/Build/Intermediates.noindex/Sonexis.build/Release/Sonexis.build/Objects-normal/x86_64/af3fcb34312c57c0f52879cdce924b91-common-args.resp
    
    /Applications/Xcode.app/Contents/Developer/Toolchains/XcodeDefault.xctoolchain/usr/bin/clang -x objective-c++ -ivfsstatcache /Users/skandavyas/Sonexis/.build/ReleaseAudit/SDKStatCaches.noindex/macosx26.5-25F70-e082c4a02f00227109f4ed75e425c832.sdkstatcache -target x86_64-apple-macos14.4 -fmessage-length\=0 -fdiagnostics-show-note-include-stack -fmacro-backtrace-limit\=0 -fno-color-diagnostics -fmodules-prune-interval\=86400 -fmodules-prune-after\=345600 -fbuild-session-file\=/Users/skandavyas/Sonexis/.build/ReleaseAudit/ModuleCache.noindex/Session.modulevalidation -fmodules-validate-once-per-build-session -Wnon-modular-include-in-framework-module -Werror\=non-modular-include-in-framework-module -Wno-trigraphs -Wno-missing-field-initializers -Wno-missing-prototypes -Werror\=return-type -Wdocumentation -Wunreachable-code -Wquoted-include-in-framework-header -Wno-implicit-atomic-properties -Werror\=deprecated-objc-isa-usage -Wno-objc-interface-ivars -Werror\=objc-root-class -Wno-arc-repeated-use-of-weak -Wimplicit-retain-self -Wno-non-virtual-dtor -Wno-overloaded-virtual -Wno-exit-time-destructors -Wduplicate-method-match -Wno-missing-braces -Wparentheses -Wswitch -Wunused-function -Wno-unused-label -Wno-unused-parameter -Wunused-variable -Wunused-value -Wempty-body -Wuninitialized -Wconditional-uninitialized -Wno-unknown-pragmas -Wno-shadow -Wno-four-char-constants -Wno-conversion -Wconstant-conversion -Wint-conversion -Wbool-conversion -Wenum-conversion -Wno-float-conversion -Wnon-literal-null-conversion -Wobjc-literal-conversion -Wshorten-64-to-32 -Wno-newline-eof -Wno-selector -Wno-strict-selector-match -Wundeclared-selector -Wdeprecated-implementations -Wno-c++11-extensions -Wno-implicit-fallthrough -isysroot /Applications/Xcode.app/Contents/Developer/Platforms/MacOSX.platform/Developer/SDKs/MacOSX26.5.sdk -fstrict-aliasing -Wprotocol -Wdeprecated-declarations -Winvalid-offsetof -Wno-sign-conversion -Winfinite-recursion -Wmove -Wcomma -Wblock-capture-autoreleasing -Wstrict-prototypes -Wrange-loop-analysis -Wno-semicolon-before-method-body -Wunguarded-availability @/Users/skandavyas/Sonexis/.build/ReleaseAudit/Build/Intermediates.noindex/Sonexis.build/Release/Sonexis.build/Objects-normal/x86_64/af3fcb34312c57c0f52879cdce924b91-common-args.resp -MMD -MT dependencies -MF /Users/skandavyas/Sonexis/.build/ReleaseAudit/Build/Intermediates.noindex/Sonexis.build/Release/Sonexis.build/Objects-normal/x86_64/RubberBandWrapper.d --serialize-diagnostics /Users/skandavyas/Sonexis/.build/ReleaseAudit/Build/Intermediates.noindex/Sonexis.build/Release/Sonexis.build/Objects-normal/x86_64/RubberBandWrapper.dia -c /Users/skandavyas/Sonexis/Sonexis/Wrappers/RubberBandWrapper.mm -o /Users/skandavyas/Sonexis/.build/ReleaseAudit/Build/Intermediates.noindex/Sonexis.build/Release/Sonexis.build/Objects-normal/x86_64/RubberBandWrapper.o

CompileC /Users/skandavyas/Sonexis/.build/ReleaseAudit/Build/Intermediates.noindex/Sonexis.build/Release/Sonexis.build/Objects-normal/arm64/RubberBandWrapper.o /Users/skandavyas/Sonexis/Sonexis/Wrappers/RubberBandWrapper.mm normal arm64 objective-c++ com.apple.compilers.llvm.clang.1_0.compiler (in target 'Sonexis' from project 'Sonexis')
    cd /Users/skandavyas/Sonexis
    
    Using response file: /Users/skandavyas/Sonexis/.build/ReleaseAudit/Build/Intermediates.noindex/Sonexis.build/Release/Sonexis.build/Objects-normal/arm64/af3fcb34312c57c0f52879cdce924b91-common-args.resp
    
    /Applications/Xcode.app/Contents/Developer/Toolchains/XcodeDefault.xctoolchain/usr/bin/clang -x objective-c++ -ivfsstatcache /Users/skandavyas/Sonexis/.build/ReleaseAudit/SDKStatCaches.noindex/macosx26.5-25F70-e082c4a02f00227109f4ed75e425c832.sdkstatcache -target arm64-apple-macos14.4 -fmessage-length\=0 -fdiagnostics-show-note-include-stack -fmacro-backtrace-limit\=0 -fno-color-diagnostics -fmodules-prune-interval\=86400 -fmodules-prune-after\=345600 -fbuild-session-file\=/Users/skandavyas/Sonexis/.build/ReleaseAudit/ModuleCache.noindex/Session.modulevalidation -fmodules-validate-once-per-build-session -Wnon-modular-include-in-framework-module -Werror\=non-modular-include-in-framework-module -Wno-trigraphs -Wno-missing-field-initializers -Wno-missing-prototypes -Werror\=return-type -Wdocumentation -Wunreachable-code -Wquoted-include-in-framework-header -Wno-implicit-atomic-properties -Werror\=deprecated-objc-isa-usage -Wno-objc-interface-ivars -Werror\=objc-root-class -Wno-arc-repeated-use-of-weak -Wimplicit-retain-self -Wno-non-virtual-dtor -Wno-overloaded-virtual -Wno-exit-time-destructors -Wduplicate-method-match -Wno-missing-braces -Wparentheses -Wswitch -Wunused-function -Wno-unused-label -Wno-unused-parameter -Wunused-variable -Wunused-value -Wempty-body -Wuninitialized -Wconditional-uninitialized -Wno-unknown-pragmas -Wno-shadow -Wno-four-char-constants -Wno-conversion -Wconstant-conversion -Wint-conversion -Wbool-conversion -Wenum-conversion -Wno-float-conversion -Wnon-literal-null-conversion -Wobjc-literal-conversion -Wshorten-64-to-32 -Wno-newline-eof -Wno-selector -Wno-strict-selector-match -Wundeclared-selector -Wdeprecated-implementations -Wno-c++11-extensions -Wno-implicit-fallthrough -isysroot /Applications/Xcode.app/Contents/Developer/Platforms/MacOSX.platform/Developer/SDKs/MacOSX26.5.sdk -fstrict-aliasing -Wprotocol -Wdeprecated-declarations -Winvalid-offsetof -Wno-sign-conversion -Winfinite-recursion -Wmove -Wcomma -Wblock-capture-autoreleasing -Wstrict-prototypes -Wrange-loop-analysis -Wno-semicolon-before-method-body -Wunguarded-availability @/Users/skandavyas/Sonexis/.build/ReleaseAudit/Build/Intermediates.noindex/Sonexis.build/Release/Sonexis.build/Objects-normal/arm64/af3fcb34312c57c0f52879cdce924b91-common-args.resp -MMD -MT dependencies -MF /Users/skandavyas/Sonexis/.build/ReleaseAudit/Build/Intermediates.noindex/Sonexis.build/Release/Sonexis.build/Objects-normal/arm64/RubberBandWrapper.d --serialize-diagnostics /Users/skandavyas/Sonexis/.build/ReleaseAudit/Build/Intermediates.noindex/Sonexis.build/Release/Sonexis.build/Objects-normal/arm64/RubberBandWrapper.dia -c /Users/skandavyas/Sonexis/Sonexis/Wrappers/RubberBandWrapper.mm -o /Users/skandavyas/Sonexis/.build/ReleaseAudit/Build/Intermediates.noindex/Sonexis.build/Release/Sonexis.build/Objects-normal/arm64/RubberBandWrapper.o

CompileC /Users/skandavyas/Sonexis/.build/ReleaseAudit/Build/Intermediates.noindex/Sonexis.build/Release/Sonexis.build/Objects-normal/x86_64/RubberBandSingle.o /Users/skandavyas/Sonexis/External/rubberband/single/RubberBandSingle.cpp normal x86_64 c++ com.apple.compilers.llvm.clang.1_0.compiler (in target 'Sonexis' from project 'Sonexis')
    cd /Users/skandavyas/Sonexis
    
    Using response file: /Users/skandavyas/Sonexis/.build/ReleaseAudit/Build/Intermediates.noindex/Sonexis.build/Release/Sonexis.build/Objects-normal/x86_64/82b82416624d2658e5098eb0a28c15c5-common-args.resp
    
    /Applications/Xcode.app/Contents/Developer/Toolchains/XcodeDefault.xctoolchain/usr/bin/clang -x c++ -ivfsstatcache /Users/skandavyas/Sonexis/.build/ReleaseAudit/SDKStatCaches.noindex/macosx26.5-25F70-e082c4a02f00227109f4ed75e425c832.sdkstatcache -target x86_64-apple-macos14.4 -fmessage-length\=0 -fdiagnostics-show-note-include-stack -fmacro-backtrace-limit\=0 -fno-color-diagnostics -fmodules-prune-interval\=86400 -fmodules-prune-after\=345600 -fbuild-session-file\=/Users/skandavyas/Sonexis/.build/ReleaseAudit/ModuleCache.noindex/Session.modulevalidation -fmodules-validate-once-per-build-session -Wnon-modular-include-in-framework-module -Werror\=non-modular-include-in-framework-module -Wno-trigraphs -Wno-missing-field-initializers -Wno-missing-prototypes -Werror\=return-type -Wdocumentation -Wunreachable-code -Wquoted-include-in-framework-header -Werror\=deprecated-objc-isa-usage -Werror\=objc-root-class -Wno-non-virtual-dtor -Wno-overloaded-virtual -Wno-exit-time-destructors -Wno-missing-braces -Wparentheses -Wswitch -Wunused-function -Wno-unused-label -Wno-unused-parameter -Wunused-variable -Wunused-value -Wempty-body -Wuninitialized -Wconditional-uninitialized -Wno-unknown-pragmas -Wno-shadow -Wno-four-char-constants -Wno-conversion -Wconstant-conversion -Wint-conversion -Wbool-conversion -Wenum-conversion -Wno-float-conversion -Wnon-literal-null-conversion -Wobjc-literal-conversion -Wshorten-64-to-32 -Wno-newline-eof -Wno-c++11-extensions -Wno-implicit-fallthrough -isysroot /Applications/Xcode.app/Contents/Developer/Platforms/MacOSX.platform/Developer/SDKs/MacOSX26.5.sdk -fstrict-aliasing -Wdeprecated-declarations -Winvalid-offsetof -Wno-sign-conversion -Winfinite-recursion -Wmove -Wcomma -Wblock-capture-autoreleasing -Wstrict-prototypes -Wrange-loop-analysis -Wno-semicolon-before-method-body -Wunguarded-availability @/Users/skandavyas/Sonexis/.build/ReleaseAudit/Build/Intermediates.noindex/Sonexis.build/Release/Sonexis.build/Objects-normal/x86_64/82b82416624d2658e5098eb0a28c15c5-common-args.resp -MMD -MT dependencies -MF /Users/skandavyas/Sonexis/.build/ReleaseAudit/Build/Intermediates.noindex/Sonexis.build/Release/Sonexis.build/Objects-normal/x86_64/RubberBandSingle.d --serialize-diagnostics /Users/skandavyas/Sonexis/.build/ReleaseAudit/Build/Intermediates.noindex/Sonexis.build/Release/Sonexis.build/Objects-normal/x86_64/RubberBandSingle.dia -c /Users/skandavyas/Sonexis/External/rubberband/single/RubberBandSingle.cpp -o /Users/skandavyas/Sonexis/.build/ReleaseAudit/Build/Intermediates.noindex/Sonexis.build/Release/Sonexis.build/Objects-normal/x86_64/RubberBandSingle.o
In file included from /Users/skandavyas/Sonexis/External/rubberband/single/RubberBandSingle.cpp:79:
In file included from /Users/skandavyas/Sonexis/External/rubberband/single/../src/faster/StretcherChannelData.cpp:24:
In file included from /Users/skandavyas/Sonexis/External/rubberband/single/../src/faster/StretcherChannelData.h:27:
In file included from /Users/skandavyas/Sonexis/External/rubberband/single/../src/faster/R2Stretcher.h:38:
/Users/skandavyas/Sonexis/External/rubberband/single/../src/faster/../../rubberband/RubberBandStretcher.h:720:9: warning: declaration is marked with '@deprecated' command but does not have a deprecation attribute [-Wdocumentation-deprecated-sync]
  720 |      * @deprecated
      |        ~^~~~~~~~~~
/Users/skandavyas/Sonexis/External/rubberband/single/../src/faster/../../rubberband/RubberBandStretcher.h:722:5: note: add a deprecation attribute to the declaration to silence this warning
  722 |     size_t getLatency() const;
      |     ^
      |     MD_DEPRECATED 
1 warning generated.

CompileC /Users/skandavyas/Sonexis/.build/ReleaseAudit/Build/Intermediates.noindex/Sonexis.build/Release/Sonexis.build/Objects-normal/arm64/RubberBandSingle.o /Users/skandavyas/Sonexis/External/rubberband/single/RubberBandSingle.cpp normal arm64 c++ com.apple.compilers.llvm.clang.1_0.compiler (in target 'Sonexis' from project 'Sonexis')
    cd /Users/skandavyas/Sonexis
    
    Using response file: /Users/skandavyas/Sonexis/.build/ReleaseAudit/Build/Intermediates.noindex/Sonexis.build/Release/Sonexis.build/Objects-normal/arm64/82b82416624d2658e5098eb0a28c15c5-common-args.resp
    
    /Applications/Xcode.app/Contents/Developer/Toolchains/XcodeDefault.xctoolchain/usr/bin/clang -x c++ -ivfsstatcache /Users/skandavyas/Sonexis/.build/ReleaseAudit/SDKStatCaches.noindex/macosx26.5-25F70-e082c4a02f00227109f4ed75e425c832.sdkstatcache -target arm64-apple-macos14.4 -fmessage-length\=0 -fdiagnostics-show-note-include-stack -fmacro-backtrace-limit\=0 -fno-color-diagnostics -fmodules-prune-interval\=86400 -fmodules-prune-after\=345600 -fbuild-session-file\=/Users/skandavyas/Sonexis/.build/ReleaseAudit/ModuleCache.noindex/Session.modulevalidation -fmodules-validate-once-per-build-session -Wnon-modular-include-in-framework-module -Werror\=non-modular-include-in-framework-module -Wno-trigraphs -Wno-missing-field-initializers -Wno-missing-prototypes -Werror\=return-type -Wdocumentation -Wunreachable-code -Wquoted-include-in-framework-header -Werror\=deprecated-objc-isa-usage -Werror\=objc-root-class -Wno-non-virtual-dtor -Wno-overloaded-virtual -Wno-exit-time-destructors -Wno-missing-braces -Wparentheses -Wswitch -Wunused-function -Wno-unused-label -Wno-unused-parameter -Wunused-variable -Wunused-value -Wempty-body -Wuninitialized -Wconditional-uninitialized -Wno-unknown-pragmas -Wno-shadow -Wno-four-char-constants -Wno-conversion -Wconstant-conversion -Wint-conversion -Wbool-conversion -Wenum-conversion -Wno-float-conversion -Wnon-literal-null-conversion -Wobjc-literal-conversion -Wshorten-64-to-32 -Wno-newline-eof -Wno-c++11-extensions -Wno-implicit-fallthrough -isysroot /Applications/Xcode.app/Contents/Developer/Platforms/MacOSX.platform/Developer/SDKs/MacOSX26.5.sdk -fstrict-aliasing -Wdeprecated-declarations -Winvalid-offsetof -Wno-sign-conversion -Winfinite-recursion -Wmove -Wcomma -Wblock-capture-autoreleasing -Wstrict-prototypes -Wrange-loop-analysis -Wno-semicolon-before-method-body -Wunguarded-availability @/Users/skandavyas/Sonexis/.build/ReleaseAudit/Build/Intermediates.noindex/Sonexis.build/Release/Sonexis.build/Objects-normal/arm64/82b82416624d2658e5098eb0a28c15c5-common-args.resp -MMD -MT dependencies -MF /Users/skandavyas/Sonexis/.build/ReleaseAudit/Build/Intermediates.noindex/Sonexis.build/Release/Sonexis.build/Objects-normal/arm64/RubberBandSingle.d --serialize-diagnostics /Users/skandavyas/Sonexis/.build/ReleaseAudit/Build/Intermediates.noindex/Sonexis.build/Release/Sonexis.build/Objects-normal/arm64/RubberBandSingle.dia -c /Users/skandavyas/Sonexis/External/rubberband/single/RubberBandSingle.cpp -o /Users/skandavyas/Sonexis/.build/ReleaseAudit/Build/Intermediates.noindex/Sonexis.build/Release/Sonexis.build/Objects-normal/arm64/RubberBandSingle.o
In file included from /Users/skandavyas/Sonexis/External/rubberband/single/RubberBandSingle.cpp:79:
In file included from /Users/skandavyas/Sonexis/External/rubberband/single/../src/faster/StretcherChannelData.cpp:24:
In file included from /Users/skandavyas/Sonexis/External/rubberband/single/../src/faster/StretcherChannelData.h:27:
In file included from /Users/skandavyas/Sonexis/External/rubberband/single/../src/faster/R2Stretcher.h:38:
/Users/skandavyas/Sonexis/External/rubberband/single/../src/faster/../../rubberband/RubberBandStretcher.h:720:9: warning: declaration is marked with '@deprecated' command but does not have a deprecation attribute [-Wdocumentation-deprecated-sync]
  720 |      * @deprecated
      |        ~^~~~~~~~~~
/Users/skandavyas/Sonexis/External/rubberband/single/../src/faster/../../rubberband/RubberBandStretcher.h:722:5: note: add a deprecation attribute to the declaration to silence this warning
  722 |     size_t getLatency() const;
      |     ^
      |     MD_DEPRECATED 
1 warning generated.

ScanDependencies /Users/skandavyas/Sonexis/.build/ReleaseAudit/Build/Intermediates.noindex/Sonexis.build/Release/Sonexis.build/Objects-normal/x86_64/RealtimeAudioRing.o /Users/skandavyas/Sonexis/Sonexis/ProcessTapEngine/RealtimeAudioRing.c normal x86_64 c com.apple.compilers.llvm.clang.1_0.compiler (in target 'Sonexis' from project 'Sonexis')
    cd /Users/skandavyas/Sonexis
    
    Using response file: /Users/skandavyas/Sonexis/.build/ReleaseAudit/Build/Intermediates.noindex/Sonexis.build/Release/Sonexis.build/Objects-normal/x86_64/7187679823f38a2a940e0043cdf9d637-common-args.resp
    
    builtin-ScanDependencies -o /Users/skandavyas/Sonexis/.build/ReleaseAudit/Build/Intermediates.noindex/Sonexis.build/Release/Sonexis.build/Objects-normal/x86_64/RealtimeAudioRing.o.scan -- /Applications/Xcode.app/Contents/Developer/Toolchains/XcodeDefault.xctoolchain/usr/bin/clang -x c -ivfsstatcache /Users/skandavyas/Sonexis/.build/ReleaseAudit/SDKStatCaches.noindex/macosx26.5-25F70-e082c4a02f00227109f4ed75e425c832.sdkstatcache -target x86_64-apple-macos14.4 -fmessage-length\=0 -fdiagnostics-show-note-include-stack -fmacro-backtrace-limit\=0 -fno-color-diagnostics -fmodules-prune-interval\=86400 -fmodules-prune-after\=345600 -fbuild-session-file\=/Users/skandavyas/Sonexis/.build/ReleaseAudit/ModuleCache.noindex/Session.modulevalidation -fmodules-validate-once-per-build-session -Wnon-modular-include-in-framework-module -Werror\=non-modular-include-in-framework-module -Wno-trigraphs -Wno-missing-field-initializers -Wno-missing-prototypes -Werror\=return-type -Wdocumentation -Wunreachable-code -Wquoted-include-in-framework-header -Werror\=deprecated-objc-isa-usage -Werror\=objc-root-class -Wno-missing-braces -Wparentheses -Wswitch -Wunused-function -Wno-unused-label -Wno-unused-parameter -Wunused-variable -Wunused-value -Wempty-body -Wuninitialized -Wconditional-uninitialized -Wno-unknown-pragmas -Wno-shadow -Wno-four-char-constants -Wno-conversion -Wconstant-conversion -Wint-conversion -Wbool-conversion -Wenum-conversion -Wno-float-conversion -Wnon-literal-null-conversion -Wobjc-literal-conversion -Wshorten-64-to-32 -Wpointer-sign -Wno-newline-eof -Wno-implicit-fallthrough -isysroot /Applications/Xcode.app/Contents/Developer/Platforms/MacOSX.platform/Developer/SDKs/MacOSX26.5.sdk -fstrict-aliasing -Wdeprecated-declarations -Wno-sign-conversion -Winfinite-recursion -Wcomma -Wblock-capture-autoreleasing -Wstrict-prototypes -Wno-semicolon-before-method-body -Wunguarded-availability @/Users/skandavyas/Sonexis/.build/ReleaseAudit/Build/Intermediates.noindex/Sonexis.build/Release/Sonexis.build/Objects-normal/x86_64/7187679823f38a2a940e0043cdf9d637-common-args.resp -MMD -MT dependencies -MF /Users/skandavyas/Sonexis/.build/ReleaseAudit/Build/Intermediates.noindex/Sonexis.build/Release/Sonexis.build/Objects-normal/x86_64/RealtimeAudioRing.d --serialize-diagnostics /Users/skandavyas/Sonexis/.build/ReleaseAudit/Build/Intermediates.noindex/Sonexis.build/Release/Sonexis.build/Objects-normal/x86_64/RealtimeAudioRing.dia -c /Users/skandavyas/Sonexis/Sonexis/ProcessTapEngine/RealtimeAudioRing.c -o /Users/skandavyas/Sonexis/.build/ReleaseAudit/Build/Intermediates.noindex/Sonexis.build/Release/Sonexis.build/Objects-normal/x86_64/RealtimeAudioRing.o

ScanDependencies /Users/skandavyas/Sonexis/.build/ReleaseAudit/Build/Intermediates.noindex/Sonexis.build/Release/Sonexis.build/Objects-normal/arm64/RealtimeAudioRing.o /Users/skandavyas/Sonexis/Sonexis/ProcessTapEngine/RealtimeAudioRing.c normal arm64 c com.apple.compilers.llvm.clang.1_0.compiler (in target 'Sonexis' from project 'Sonexis')
    cd /Users/skandavyas/Sonexis
    
    Using response file: /Users/skandavyas/Sonexis/.build/ReleaseAudit/Build/Intermediates.noindex/Sonexis.build/Release/Sonexis.build/Objects-normal/arm64/7187679823f38a2a940e0043cdf9d637-common-args.resp
    
    builtin-ScanDependencies -o /Users/skandavyas/Sonexis/.build/ReleaseAudit/Build/Intermediates.noindex/Sonexis.build/Release/Sonexis.build/Objects-normal/arm64/RealtimeAudioRing.o.scan -- /Applications/Xcode.app/Contents/Developer/Toolchains/XcodeDefault.xctoolchain/usr/bin/clang -x c -ivfsstatcache /Users/skandavyas/Sonexis/.build/ReleaseAudit/SDKStatCaches.noindex/macosx26.5-25F70-e082c4a02f00227109f4ed75e425c832.sdkstatcache -target arm64-apple-macos14.4 -fmessage-length\=0 -fdiagnostics-show-note-include-stack -fmacro-backtrace-limit\=0 -fno-color-diagnostics -fmodules-prune-interval\=86400 -fmodules-prune-after\=345600 -fbuild-session-file\=/Users/skandavyas/Sonexis/.build/ReleaseAudit/ModuleCache.noindex/Session.modulevalidation -fmodules-validate-once-per-build-session -Wnon-modular-include-in-framework-module -Werror\=non-modular-include-in-framework-module -Wno-trigraphs -Wno-missing-field-initializers -Wno-missing-prototypes -Werror\=return-type -Wdocumentation -Wunreachable-code -Wquoted-include-in-framework-header -Werror\=deprecated-objc-isa-usage -Werror\=objc-root-class -Wno-missing-braces -Wparentheses -Wswitch -Wunused-function -Wno-unused-label -Wno-unused-parameter -Wunused-variable -Wunused-value -Wempty-body -Wuninitialized -Wconditional-uninitialized -Wno-unknown-pragmas -Wno-shadow -Wno-four-char-constants -Wno-conversion -Wconstant-conversion -Wint-conversion -Wbool-conversion -Wenum-conversion -Wno-float-conversion -Wnon-literal-null-conversion -Wobjc-literal-conversion -Wshorten-64-to-32 -Wpointer-sign -Wno-newline-eof -Wno-implicit-fallthrough -isysroot /Applications/Xcode.app/Contents/Developer/Platforms/MacOSX.platform/Developer/SDKs/MacOSX26.5.sdk -fstrict-aliasing -Wdeprecated-declarations -Wno-sign-conversion -Winfinite-recursion -Wcomma -Wblock-capture-autoreleasing -Wstrict-prototypes -Wno-semicolon-before-method-body -Wunguarded-availability @/Users/skandavyas/Sonexis/.build/ReleaseAudit/Build/Intermediates.noindex/Sonexis.build/Release/Sonexis.build/Objects-normal/arm64/7187679823f38a2a940e0043cdf9d637-common-args.resp -MMD -MT dependencies -MF /Users/skandavyas/Sonexis/.build/ReleaseAudit/Build/Intermediates.noindex/Sonexis.build/Release/Sonexis.build/Objects-normal/arm64/RealtimeAudioRing.d --serialize-diagnostics /Users/skandavyas/Sonexis/.build/ReleaseAudit/Build/Intermediates.noindex/Sonexis.build/Release/Sonexis.build/Objects-normal/arm64/RealtimeAudioRing.dia -c /Users/skandavyas/Sonexis/Sonexis/ProcessTapEngine/RealtimeAudioRing.c -o /Users/skandavyas/Sonexis/.build/ReleaseAudit/Build/Intermediates.noindex/Sonexis.build/Release/Sonexis.build/Objects-normal/arm64/RealtimeAudioRing.o

PrecompileModule /Users/skandavyas/Sonexis/.build/ReleaseAudit/Build/Intermediates.noindex/ExplicitPrecompiledModules/ptrauth-5QZKBY4V2IFS8V6SHTMNY3IDY.scan
    cd /
    builtin-precompileModule /Users/skandavyas/Sonexis/.build/ReleaseAudit/Build/Intermediates.noindex/ExplicitPrecompiledModules/ptrauth-5QZKBY4V2IFS8V6SHTMNY3IDY.scan

PrecompileModule /Users/skandavyas/Sonexis/.build/ReleaseAudit/Build/Intermediates.noindex/ExplicitPrecompiledModules/ptrcheck-51E8K1APTMTHL6AA1EZGYVN15.scan
    cd /
    builtin-precompileModule /Users/skandavyas/Sonexis/.build/ReleaseAudit/Build/Intermediates.noindex/ExplicitPrecompiledModules/ptrcheck-51E8K1APTMTHL6AA1EZGYVN15.scan

PrecompileModule /Users/skandavyas/Sonexis/.build/ReleaseAudit/Build/Intermediates.noindex/ExplicitPrecompiledModules/_Builtin_stdarg-546R3KLQ64POOU0RG8V9VAU9R.scan
    cd /
    builtin-precompileModule /Users/skandavyas/Sonexis/.build/ReleaseAudit/Build/Intermediates.noindex/ExplicitPrecompiledModules/_Builtin_stdarg-546R3KLQ64POOU0RG8V9VAU9R.scan

PrecompileModule /Users/skandavyas/Sonexis/.build/ReleaseAudit/Build/Intermediates.noindex/ExplicitPrecompiledModules/_Builtin_stddef-E8PF1XHS4DA2WOL1BKG2BKNA.scan
    cd /
    builtin-precompileModule /Users/skandavyas/Sonexis/.build/ReleaseAudit/Build/Intermediates.noindex/ExplicitPrecompiledModules/_Builtin_stddef-E8PF1XHS4DA2WOL1BKG2BKNA.scan

PrecompileModule /Users/skandavyas/Sonexis/.build/ReleaseAudit/Build/Intermediates.noindex/ExplicitPrecompiledModules/_Builtin_stdbool-9DSGNB561E8CK8Y3D40BLE0QQ.scan
    cd /
    builtin-precompileModule /Users/skandavyas/Sonexis/.build/ReleaseAudit/Build/Intermediates.noindex/ExplicitPrecompiledModules/_Builtin_stdbool-9DSGNB561E8CK8Y3D40BLE0QQ.scan

PrecompileModule /Users/skandavyas/Sonexis/.build/ReleaseAudit/Build/Intermediates.noindex/ExplicitPrecompiledModules/_AvailabilityInternal-4SIUNMU6B832M6H4LNHYCP6OV.scan
    cd /
    builtin-precompileModule /Users/skandavyas/Sonexis/.build/ReleaseAudit/Build/Intermediates.noindex/ExplicitPrecompiledModules/_AvailabilityInternal-4SIUNMU6B832M6H4LNHYCP6OV.scan

PrecompileModule /Users/skandavyas/Sonexis/.build/ReleaseAudit/Build/Intermediates.noindex/ExplicitPrecompiledModules/ptrauth-55JI4S68M16Y00JH8MRPKBNN.scan
    cd /
    builtin-precompileModule /Users/skandavyas/Sonexis/.build/ReleaseAudit/Build/Intermediates.noindex/ExplicitPrecompiledModules/ptrauth-55JI4S68M16Y00JH8MRPKBNN.scan

PrecompileModule /Users/skandavyas/Sonexis/.build/ReleaseAudit/Build/Intermediates.noindex/ExplicitPrecompiledModules/_AvailabilityInternal-A7EVQDJC6YPLNLNR4CAL83NZ3.scan
    cd /
    builtin-precompileModule /Users/skandavyas/Sonexis/.build/ReleaseAudit/Build/Intermediates.noindex/ExplicitPrecompiledModules/_AvailabilityInternal-A7EVQDJC6YPLNLNR4CAL83NZ3.scan

PrecompileModule /Users/skandavyas/Sonexis/.build/ReleaseAudit/Build/Intermediates.noindex/ExplicitPrecompiledModules/ptrcheck-4XG378A5PRBNMF6R2MR7WEQC2.scan
    cd /
    builtin-precompileModule /Users/skandavyas/Sonexis/.build/ReleaseAudit/Build/Intermediates.noindex/ExplicitPrecompiledModules/ptrcheck-4XG378A5PRBNMF6R2MR7WEQC2.scan

PrecompileModule /Users/skandavyas/Sonexis/.build/ReleaseAudit/Build/Intermediates.noindex/ExplicitPrecompiledModules/_Builtin_stddef-6Q2VGXBEB57Y1LWZ90BNPXAGN.scan
    cd /
    builtin-precompileModule /Users/skandavyas/Sonexis/.build/ReleaseAudit/Build/Intermediates.noindex/ExplicitPrecompiledModules/_Builtin_stddef-6Q2VGXBEB57Y1LWZ90BNPXAGN.scan

PrecompileModule /Users/skandavyas/Sonexis/.build/ReleaseAudit/Build/Intermediates.noindex/ExplicitPrecompiledModules/_Builtin_stdarg-BXX6GWVKF91S3874ROH8MNVG7.scan
    cd /
    builtin-precompileModule /Users/skandavyas/Sonexis/.build/ReleaseAudit/Build/Intermediates.noindex/ExplicitPrecompiledModules/_Builtin_stdarg-BXX6GWVKF91S3874ROH8MNVG7.scan

PrecompileModule /Users/skandavyas/Sonexis/.build/ReleaseAudit/Build/Intermediates.noindex/ExplicitPrecompiledModules/_Builtin_float-2Z1PDQ8CKE5AL6KQK02T4MSAV.scan
    cd /
    builtin-precompileModule /Users/skandavyas/Sonexis/.build/ReleaseAudit/Build/Intermediates.noindex/ExplicitPrecompiledModules/_Builtin_float-2Z1PDQ8CKE5AL6KQK02T4MSAV.scan

PrecompileModule /Users/skandavyas/Sonexis/.build/ReleaseAudit/Build/Intermediates.noindex/ExplicitPrecompiledModules/_DarwinFoundation1-IJMWXWWATQ64SU221PP8KPE1.scan
    cd /
    builtin-precompileModule /Users/skandavyas/Sonexis/.build/ReleaseAudit/Build/Intermediates.noindex/ExplicitPrecompiledModules/_DarwinFoundation1-IJMWXWWATQ64SU221PP8KPE1.scan

PrecompileModule /Users/skandavyas/Sonexis/.build/ReleaseAudit/Build/Intermediates.noindex/ExplicitPrecompiledModules/_Builtin_float-BWMT4H40EKY6EEK48S2C67X65.scan
    cd /
    builtin-precompileModule /Users/skandavyas/Sonexis/.build/ReleaseAudit/Build/Intermediates.noindex/ExplicitPrecompiledModules/_Builtin_float-BWMT4H40EKY6EEK48S2C67X65.scan

PrecompileModule /Users/skandavyas/Sonexis/.build/ReleaseAudit/Build/Intermediates.noindex/ExplicitPrecompiledModules/_Builtin_stdbool-1LR0K86Q4GY2Q021M5CTOUT5D.scan
    cd /
    builtin-precompileModule /Users/skandavyas/Sonexis/.build/ReleaseAudit/Build/Intermediates.noindex/ExplicitPrecompiledModules/_Builtin_stdbool-1LR0K86Q4GY2Q021M5CTOUT5D.scan

PrecompileModule /Users/skandavyas/Sonexis/.build/ReleaseAudit/Build/Intermediates.noindex/ExplicitPrecompiledModules/_DarwinFoundation1-D2FCTQGWCBSWFB620R2BBVZTG.scan
    cd /
    builtin-precompileModule /Users/skandavyas/Sonexis/.build/ReleaseAudit/Build/Intermediates.noindex/ExplicitPrecompiledModules/_DarwinFoundation1-D2FCTQGWCBSWFB620R2BBVZTG.scan

PrecompileModule /Users/skandavyas/Sonexis/.build/ReleaseAudit/Build/Intermediates.noindex/ExplicitPrecompiledModules/_DarwinFoundation2-A64R990WYVRZNS1MS41KMKOQ2.scan
    cd /
    builtin-precompileModule /Users/skandavyas/Sonexis/.build/ReleaseAudit/Build/Intermediates.noindex/ExplicitPrecompiledModules/_DarwinFoundation2-A64R990WYVRZNS1MS41KMKOQ2.scan

PrecompileModule /Users/skandavyas/Sonexis/.build/ReleaseAudit/Build/Intermediates.noindex/ExplicitPrecompiledModules/_Builtin_limits-EUZ0EIFWFK8XHOZ44RDQMAD0T.scan
    cd /
    builtin-precompileModule /Users/skandavyas/Sonexis/.build/ReleaseAudit/Build/Intermediates.noindex/ExplicitPrecompiledModules/_Builtin_limits-EUZ0EIFWFK8XHOZ44RDQMAD0T.scan

PrecompileModule /Users/skandavyas/Sonexis/.build/ReleaseAudit/Build/Intermediates.noindex/ExplicitPrecompiledModules/_Builtin_limits-D7EZCECWRLFAFODZSK4T5C4Y2.scan
    cd /
    builtin-precompileModule /Users/skandavyas/Sonexis/.build/ReleaseAudit/Build/Intermediates.noindex/ExplicitPrecompiledModules/_Builtin_limits-D7EZCECWRLFAFODZSK4T5C4Y2.scan

PrecompileModule /Users/skandavyas/Sonexis/.build/ReleaseAudit/Build/Intermediates.noindex/ExplicitPrecompiledModules/_DarwinFoundation2-C4II34A3SRUIPSRXSCBJ2YLQH.scan
    cd /
    builtin-precompileModule /Users/skandavyas/Sonexis/.build/ReleaseAudit/Build/Intermediates.noindex/ExplicitPrecompiledModules/_DarwinFoundation2-C4II34A3SRUIPSRXSCBJ2YLQH.scan

PrecompileModule /Users/skandavyas/Sonexis/.build/ReleaseAudit/Build/Intermediates.noindex/ExplicitPrecompiledModules/_Builtin_stdint-24874N01DAMU3X36WL3X0HHPP.scan
    cd /
    builtin-precompileModule /Users/skandavyas/Sonexis/.build/ReleaseAudit/Build/Intermediates.noindex/ExplicitPrecompiledModules/_Builtin_stdint-24874N01DAMU3X36WL3X0HHPP.scan

PrecompileModule /Users/skandavyas/Sonexis/.build/ReleaseAudit/Build/Intermediates.noindex/ExplicitPrecompiledModules/_Builtin_stdint-8HMFZZ9LB4QIXKPBWWFNI8CMI.scan
    cd /
    builtin-precompileModule /Users/skandavyas/Sonexis/.build/ReleaseAudit/Build/Intermediates.noindex/ExplicitPrecompiledModules/_Builtin_stdint-8HMFZZ9LB4QIXKPBWWFNI8CMI.scan

PrecompileModule /Users/skandavyas/Sonexis/.build/ReleaseAudit/Build/Intermediates.noindex/ExplicitPrecompiledModules/_DarwinFoundation3-E66SF3PNMQ3D0AS0IQR353DWK.scan
    cd /
    builtin-precompileModule /Users/skandavyas/Sonexis/.build/ReleaseAudit/Build/Intermediates.noindex/ExplicitPrecompiledModules/_DarwinFoundation3-E66SF3PNMQ3D0AS0IQR353DWK.scan

PrecompileModule /Users/skandavyas/Sonexis/.build/ReleaseAudit/Build/Intermediates.noindex/ExplicitPrecompiledModules/_Builtin_stdatomic-2RROF6XVJS7XPYJMBLZQBRZOI.scan
    cd /
    builtin-precompileModule /Users/skandavyas/Sonexis/.build/ReleaseAudit/Build/Intermediates.noindex/ExplicitPrecompiledModules/_Builtin_stdatomic-2RROF6XVJS7XPYJMBLZQBRZOI.scan

PrecompileModule /Users/skandavyas/Sonexis/.build/ReleaseAudit/Build/Intermediates.noindex/ExplicitPrecompiledModules/_DarwinFoundation3-3C3R2JUW793N29FCXQXY62ZQS.scan
    cd /
    builtin-precompileModule /Users/skandavyas/Sonexis/.build/ReleaseAudit/Build/Intermediates.noindex/ExplicitPrecompiledModules/_DarwinFoundation3-3C3R2JUW793N29FCXQXY62ZQS.scan

PrecompileModule /Users/skandavyas/Sonexis/.build/ReleaseAudit/Build/Intermediates.noindex/ExplicitPrecompiledModules/_Builtin_stdatomic-6N9G1L7BQWVU803Z06A6A8V3T.scan
    cd /
    builtin-precompileModule /Users/skandavyas/Sonexis/.build/ReleaseAudit/Build/Intermediates.noindex/ExplicitPrecompiledModules/_Builtin_stdatomic-6N9G1L7BQWVU803Z06A6A8V3T.scan

PrecompileModule /Users/skandavyas/Sonexis/.build/ReleaseAudit/Build/Intermediates.noindex/ExplicitPrecompiledModules/_Builtin_inttypes-E7Q186WRJG1SBEYM4YZY1T88I.scan
    cd /
    builtin-precompileModule /Users/skandavyas/Sonexis/.build/ReleaseAudit/Build/Intermediates.noindex/ExplicitPrecompiledModules/_Builtin_inttypes-E7Q186WRJG1SBEYM4YZY1T88I.scan

PrecompileModule /Users/skandavyas/Sonexis/.build/ReleaseAudit/Build/Intermediates.noindex/ExplicitPrecompiledModules/Darwin-AALHL63ADBPX46O747AKGFAP7.scan
    cd /
    builtin-precompileModule /Users/skandavyas/Sonexis/.build/ReleaseAudit/Build/Intermediates.noindex/ExplicitPrecompiledModules/Darwin-AALHL63ADBPX46O747AKGFAP7.scan

PrecompileModule /Users/skandavyas/Sonexis/.build/ReleaseAudit/Build/Intermediates.noindex/ExplicitPrecompiledModules/_Builtin_inttypes-CT4M2B564H22JJ8XX7LG544ZP.scan
    cd /
    builtin-precompileModule /Users/skandavyas/Sonexis/.build/ReleaseAudit/Build/Intermediates.noindex/ExplicitPrecompiledModules/_Builtin_inttypes-CT4M2B564H22JJ8XX7LG544ZP.scan

PrecompileModule /Users/skandavyas/Sonexis/.build/ReleaseAudit/Build/Intermediates.noindex/ExplicitPrecompiledModules/Darwin-AYW67VEQB9M6PUCJ1PHZHXS.scan
    cd /
    builtin-precompileModule /Users/skandavyas/Sonexis/.build/ReleaseAudit/Build/Intermediates.noindex/ExplicitPrecompiledModules/Darwin-AYW67VEQB9M6PUCJ1PHZHXS.scan

PrecompileModule /Users/skandavyas/Sonexis/.build/ReleaseAudit/Build/Intermediates.noindex/ExplicitPrecompiledModules/os_object-ADMZPZI5QPFBZXDC0C16QDYIW.scan
    cd /
    builtin-precompileModule /Users/skandavyas/Sonexis/.build/ReleaseAudit/Build/Intermediates.noindex/ExplicitPrecompiledModules/os_object-ADMZPZI5QPFBZXDC0C16QDYIW.scan

PrecompileModule /Users/skandavyas/Sonexis/.build/ReleaseAudit/Build/Intermediates.noindex/ExplicitPrecompiledModules/os_workgroup-35DC3DYZG1N0CZACDAL7UTAXX.scan
    cd /
    builtin-precompileModule /Users/skandavyas/Sonexis/.build/ReleaseAudit/Build/Intermediates.noindex/ExplicitPrecompiledModules/os_workgroup-35DC3DYZG1N0CZACDAL7UTAXX.scan

PrecompileModule /Users/skandavyas/Sonexis/.build/ReleaseAudit/Build/Intermediates.noindex/ExplicitPrecompiledModules/os_object-OA1BG9TCCI3I3WY6ZE7XL3BN.scan
    cd /
    builtin-precompileModule /Users/skandavyas/Sonexis/.build/ReleaseAudit/Build/Intermediates.noindex/ExplicitPrecompiledModules/os_object-OA1BG9TCCI3I3WY6ZE7XL3BN.scan

PrecompileModule /Users/skandavyas/Sonexis/.build/ReleaseAudit/Build/Intermediates.noindex/ExplicitPrecompiledModules/Dispatch-6CGDUQEEB139DEQGNUA0I2XYA.scan
    cd /
    builtin-precompileModule /Users/skandavyas/Sonexis/.build/ReleaseAudit/Build/Intermediates.noindex/ExplicitPrecompiledModules/Dispatch-6CGDUQEEB139DEQGNUA0I2XYA.scan

PrecompileModule /Users/skandavyas/Sonexis/.build/ReleaseAudit/Build/Intermediates.noindex/ExplicitPrecompiledModules/os_workgroup-D62639IQHEQGN94HBA18GRGAH.scan
    cd /
    builtin-precompileModule /Users/skandavyas/Sonexis/.build/ReleaseAudit/Build/Intermediates.noindex/ExplicitPrecompiledModules/os_workgroup-D62639IQHEQGN94HBA18GRGAH.scan

PrecompileModule /Users/skandavyas/Sonexis/.build/ReleaseAudit/Build/Intermediates.noindex/ExplicitPrecompiledModules/CoreFoundation-NNGX15NFNNNXJ3NV39MIF9SK.scan
    cd /
    builtin-precompileModule /Users/skandavyas/Sonexis/.build/ReleaseAudit/Build/Intermediates.noindex/ExplicitPrecompiledModules/CoreFoundation-NNGX15NFNNNXJ3NV39MIF9SK.scan

PrecompileModule /Users/skandavyas/Sonexis/.build/ReleaseAudit/Build/Intermediates.noindex/ExplicitPrecompiledModules/Dispatch-4503K8G0UPECNA7ZMYIMN69A3.scan
    cd /
    builtin-precompileModule /Users/skandavyas/Sonexis/.build/ReleaseAudit/Build/Intermediates.noindex/ExplicitPrecompiledModules/Dispatch-4503K8G0UPECNA7ZMYIMN69A3.scan

PrecompileModule /Users/skandavyas/Sonexis/.build/ReleaseAudit/Build/Intermediates.noindex/ExplicitPrecompiledModules/CoreFoundation-EVAMFLUEOW84Z29R9R2473MLB.scan
    cd /
    builtin-precompileModule /Users/skandavyas/Sonexis/.build/ReleaseAudit/Build/Intermediates.noindex/ExplicitPrecompiledModules/CoreFoundation-EVAMFLUEOW84Z29R9R2473MLB.scan

PrecompileModule /Users/skandavyas/Sonexis/.build/ReleaseAudit/Build/Intermediates.noindex/ExplicitPrecompiledModules/CoreAudioTypes-8W3KRW7SMF17EO7OCGOMBAQ0W.scan
    cd /
    builtin-precompileModule /Users/skandavyas/Sonexis/.build/ReleaseAudit/Build/Intermediates.noindex/ExplicitPrecompiledModules/CoreAudioTypes-8W3KRW7SMF17EO7OCGOMBAQ0W.scan

PrecompileModule /Users/skandavyas/Sonexis/.build/ReleaseAudit/Build/Intermediates.noindex/ExplicitPrecompiledModules/CoreAudio-7P60HCRYO1PYYVXX0G76MO6E3.scan
    cd /
    builtin-precompileModule /Users/skandavyas/Sonexis/.build/ReleaseAudit/Build/Intermediates.noindex/ExplicitPrecompiledModules/CoreAudio-7P60HCRYO1PYYVXX0G76MO6E3.scan

CompileC /Users/skandavyas/Sonexis/.build/ReleaseAudit/Build/Intermediates.noindex/Sonexis.build/Release/Sonexis.build/Objects-normal/x86_64/RealtimeAudioRing.o /Users/skandavyas/Sonexis/Sonexis/ProcessTapEngine/RealtimeAudioRing.c normal x86_64 c com.apple.compilers.llvm.clang.1_0.compiler (in target 'Sonexis' from project 'Sonexis')
    cd /Users/skandavyas/Sonexis
    
    Using response file: /Users/skandavyas/Sonexis/.build/ReleaseAudit/Build/Intermediates.noindex/Sonexis.build/Release/Sonexis.build/Objects-normal/x86_64/7187679823f38a2a940e0043cdf9d637-common-args.resp
    
    /Applications/Xcode.app/Contents/Developer/Toolchains/XcodeDefault.xctoolchain/usr/bin/clang -x c -ivfsstatcache /Users/skandavyas/Sonexis/.build/ReleaseAudit/SDKStatCaches.noindex/macosx26.5-25F70-e082c4a02f00227109f4ed75e425c832.sdkstatcache -target x86_64-apple-macos14.4 -fmessage-length\=0 -fdiagnostics-show-note-include-stack -fmacro-backtrace-limit\=0 -fno-color-diagnostics -fmodules-prune-interval\=86400 -fmodules-prune-after\=345600 -fbuild-session-file\=/Users/skandavyas/Sonexis/.build/ReleaseAudit/ModuleCache.noindex/Session.modulevalidation -fmodules-validate-once-per-build-session -Wnon-modular-include-in-framework-module -Werror\=non-modular-include-in-framework-module -Wno-trigraphs -Wno-missing-field-initializers -Wno-missing-prototypes -Werror\=return-type -Wdocumentation -Wunreachable-code -Wquoted-include-in-framework-header -Werror\=deprecated-objc-isa-usage -Werror\=objc-root-class -Wno-missing-braces -Wparentheses -Wswitch -Wunused-function -Wno-unused-label -Wno-unused-parameter -Wunused-variable -Wunused-value -Wempty-body -Wuninitialized -Wconditional-uninitialized -Wno-unknown-pragmas -Wno-shadow -Wno-four-char-constants -Wno-conversion -Wconstant-conversion -Wint-conversion -Wbool-conversion -Wenum-conversion -Wno-float-conversion -Wnon-literal-null-conversion -Wobjc-literal-conversion -Wshorten-64-to-32 -Wpointer-sign -Wno-newline-eof -Wno-implicit-fallthrough -isysroot /Applications/Xcode.app/Contents/Developer/Platforms/MacOSX.platform/Developer/SDKs/MacOSX26.5.sdk -fstrict-aliasing -Wdeprecated-declarations -Wno-sign-conversion -Winfinite-recursion -Wcomma -Wblock-capture-autoreleasing -Wstrict-prototypes -Wno-semicolon-before-method-body -Wunguarded-availability @/Users/skandavyas/Sonexis/.build/ReleaseAudit/Build/Intermediates.noindex/Sonexis.build/Release/Sonexis.build/Objects-normal/x86_64/7187679823f38a2a940e0043cdf9d637-common-args.resp -MMD -MT dependencies -MF /Users/skandavyas/Sonexis/.build/ReleaseAudit/Build/Intermediates.noindex/Sonexis.build/Release/Sonexis.build/Objects-normal/x86_64/RealtimeAudioRing.d --serialize-diagnostics /Users/skandavyas/Sonexis/.build/ReleaseAudit/Build/Intermediates.noindex/Sonexis.build/Release/Sonexis.build/Objects-normal/x86_64/RealtimeAudioRing.dia -c /Users/skandavyas/Sonexis/Sonexis/ProcessTapEngine/RealtimeAudioRing.c -o /Users/skandavyas/Sonexis/.build/ReleaseAudit/Build/Intermediates.noindex/Sonexis.build/Release/Sonexis.build/Objects-normal/x86_64/RealtimeAudioRing.o

PrecompileModule /Users/skandavyas/Sonexis/.build/ReleaseAudit/Build/Intermediates.noindex/ExplicitPrecompiledModules/CoreAudioTypes-CLWOM7RBJ4LC532SHRZFF13C7.scan
    cd /
    builtin-precompileModule /Users/skandavyas/Sonexis/.build/ReleaseAudit/Build/Intermediates.noindex/ExplicitPrecompiledModules/CoreAudioTypes-CLWOM7RBJ4LC532SHRZFF13C7.scan

PrecompileModule /Users/skandavyas/Sonexis/.build/ReleaseAudit/Build/Intermediates.noindex/ExplicitPrecompiledModules/CoreAudio-5YZ7C9M7Z9L2VZU4R2O4PXEWW.scan
    cd /
    builtin-precompileModule /Users/skandavyas/Sonexis/.build/ReleaseAudit/Build/Intermediates.noindex/ExplicitPrecompiledModules/CoreAudio-5YZ7C9M7Z9L2VZU4R2O4PXEWW.scan

CompileC /Users/skandavyas/Sonexis/.build/ReleaseAudit/Build/Intermediates.noindex/Sonexis.build/Release/Sonexis.build/Objects-normal/arm64/RealtimeAudioRing.o /Users/skandavyas/Sonexis/Sonexis/ProcessTapEngine/RealtimeAudioRing.c normal arm64 c com.apple.compilers.llvm.clang.1_0.compiler (in target 'Sonexis' from project 'Sonexis')
    cd /Users/skandavyas/Sonexis
    
    Using response file: /Users/skandavyas/Sonexis/.build/ReleaseAudit/Build/Intermediates.noindex/Sonexis.build/Release/Sonexis.build/Objects-normal/arm64/7187679823f38a2a940e0043cdf9d637-common-args.resp
    
    /Applications/Xcode.app/Contents/Developer/Toolchains/XcodeDefault.xctoolchain/usr/bin/clang -x c -ivfsstatcache /Users/skandavyas/Sonexis/.build/ReleaseAudit/SDKStatCaches.noindex/macosx26.5-25F70-e082c4a02f00227109f4ed75e425c832.sdkstatcache -target arm64-apple-macos14.4 -fmessage-length\=0 -fdiagnostics-show-note-include-stack -fmacro-backtrace-limit\=0 -fno-color-diagnostics -fmodules-prune-interval\=86400 -fmodules-prune-after\=345600 -fbuild-session-file\=/Users/skandavyas/Sonexis/.build/ReleaseAudit/ModuleCache.noindex/Session.modulevalidation -fmodules-validate-once-per-build-session -Wnon-modular-include-in-framework-module -Werror\=non-modular-include-in-framework-module -Wno-trigraphs -Wno-missing-field-initializers -Wno-missing-prototypes -Werror\=return-type -Wdocumentation -Wunreachable-code -Wquoted-include-in-framework-header -Werror\=deprecated-objc-isa-usage -Werror\=objc-root-class -Wno-missing-braces -Wparentheses -Wswitch -Wunused-function -Wno-unused-label -Wno-unused-parameter -Wunused-variable -Wunused-value -Wempty-body -Wuninitialized -Wconditional-uninitialized -Wno-unknown-pragmas -Wno-shadow -Wno-four-char-constants -Wno-conversion -Wconstant-conversion -Wint-conversion -Wbool-conversion -Wenum-conversion -Wno-float-conversion -Wnon-literal-null-conversion -Wobjc-literal-conversion -Wshorten-64-to-32 -Wpointer-sign -Wno-newline-eof -Wno-implicit-fallthrough -isysroot /Applications/Xcode.app/Contents/Developer/Platforms/MacOSX.platform/Developer/SDKs/MacOSX26.5.sdk -fstrict-aliasing -Wdeprecated-declarations -Wno-sign-conversion -Winfinite-recursion -Wcomma -Wblock-capture-autoreleasing -Wstrict-prototypes -Wno-semicolon-before-method-body -Wunguarded-availability @/Users/skandavyas/Sonexis/.build/ReleaseAudit/Build/Intermediates.noindex/Sonexis.build/Release/Sonexis.build/Objects-normal/arm64/7187679823f38a2a940e0043cdf9d637-common-args.resp -MMD -MT dependencies -MF /Users/skandavyas/Sonexis/.build/ReleaseAudit/Build/Intermediates.noindex/Sonexis.build/Release/Sonexis.build/Objects-normal/arm64/RealtimeAudioRing.d --serialize-diagnostics /Users/skandavyas/Sonexis/.build/ReleaseAudit/Build/Intermediates.noindex/Sonexis.build/Release/Sonexis.build/Objects-normal/arm64/RealtimeAudioRing.dia -c /Users/skandavyas/Sonexis/Sonexis/ProcessTapEngine/RealtimeAudioRing.c -o /Users/skandavyas/Sonexis/.build/ReleaseAudit/Build/Intermediates.noindex/Sonexis.build/Release/Sonexis.build/Objects-normal/arm64/RealtimeAudioRing.o

Ld /Users/skandavyas/Sonexis/.build/ReleaseAudit/Build/Intermediates.noindex/Sonexis.build/Release/Sonexis.build/Objects-normal/arm64/Binary/Sonexis normal arm64 (in target 'Sonexis' from project 'Sonexis')
    cd /Users/skandavyas/Sonexis
    /Applications/Xcode.app/Contents/Developer/Toolchains/XcodeDefault.xctoolchain/usr/bin/clang++ -Xlinker -reproducible -target arm64-apple-macos14.4 -isysroot /Applications/Xcode.app/Contents/Developer/Platforms/MacOSX.platform/Developer/SDKs/MacOSX26.5.sdk -Os -L/Users/skandavyas/Sonexis/.build/ReleaseAudit/Build/Intermediates.noindex/EagerLinkingTBDs/Release -L/Users/skandavyas/Sonexis/.build/ReleaseAudit/Build/Products/Release -F/Users/skandavyas/Sonexis/.build/ReleaseAudit/Build/Intermediates.noindex/EagerLinkingTBDs/Release -F/Users/skandavyas/Sonexis/.build/ReleaseAudit/Build/Products/Release -filelist /Users/skandavyas/Sonexis/.build/ReleaseAudit/Build/Intermediates.noindex/Sonexis.build/Release/Sonexis.build/Objects-normal/arm64/Sonexis.LinkFileList -Xlinker -rpath -Xlinker /usr/lib/swift -Xlinker -rpath -Xlinker @executable_path/../Frameworks -Xlinker -object_path_lto -Xlinker /Users/skandavyas/Sonexis/.build/ReleaseAudit/Build/Intermediates.noindex/Sonexis.build/Release/Sonexis.build/Objects-normal/arm64/Sonexis_lto.o -rdynamic -Xlinker -dependency_info -Xlinker /Users/skandavyas/Sonexis/.build/ReleaseAudit/Build/Intermediates.noindex/Sonexis.build/Release/Sonexis.build/Objects-normal/arm64/Sonexis_dependency_info.dat -fobjc-arc -fobjc-link-runtime -L/Applications/Xcode.app/Contents/Developer/Toolchains/XcodeDefault.xctoolchain/usr/lib/swift/macosx -L/usr/lib/swift -Xlinker -add_ast_path -Xlinker /Users/skandavyas/Sonexis/.build/ReleaseAudit/Build/Intermediates.noindex/Sonexis.build/Release/Sonexis.build/Objects-normal/arm64/Sonexis.swiftmodule @/Users/skandavyas/Sonexis/.build/ReleaseAudit/Build/Intermediates.noindex/Sonexis.build/Release/Sonexis.build/Objects-normal/arm64/Sonexis-linker-args.resp -framework Accelerate -o /Users/skandavyas/Sonexis/.build/ReleaseAudit/Build/Intermediates.noindex/Sonexis.build/Release/Sonexis.build/Objects-normal/arm64/Binary/Sonexis

Ld /Users/skandavyas/Sonexis/.build/ReleaseAudit/Build/Intermediates.noindex/Sonexis.build/Release/Sonexis.build/Objects-normal/x86_64/Binary/Sonexis normal x86_64 (in target 'Sonexis' from project 'Sonexis')
    cd /Users/skandavyas/Sonexis
    /Applications/Xcode.app/Contents/Developer/Toolchains/XcodeDefault.xctoolchain/usr/bin/clang++ -Xlinker -reproducible -target x86_64-apple-macos14.4 -isysroot /Applications/Xcode.app/Contents/Developer/Platforms/MacOSX.platform/Developer/SDKs/MacOSX26.5.sdk -Os -L/Users/skandavyas/Sonexis/.build/ReleaseAudit/Build/Intermediates.noindex/EagerLinkingTBDs/Release -L/Users/skandavyas/Sonexis/.build/ReleaseAudit/Build/Products/Release -F/Users/skandavyas/Sonexis/.build/ReleaseAudit/Build/Intermediates.noindex/EagerLinkingTBDs/Release -F/Users/skandavyas/Sonexis/.build/ReleaseAudit/Build/Products/Release -filelist /Users/skandavyas/Sonexis/.build/ReleaseAudit/Build/Intermediates.noindex/Sonexis.build/Release/Sonexis.build/Objects-normal/x86_64/Sonexis.LinkFileList -Xlinker -rpath -Xlinker /usr/lib/swift -Xlinker -rpath -Xlinker @executable_path/../Frameworks -Xlinker -object_path_lto -Xlinker /Users/skandavyas/Sonexis/.build/ReleaseAudit/Build/Intermediates.noindex/Sonexis.build/Release/Sonexis.build/Objects-normal/x86_64/Sonexis_lto.o -rdynamic -Xlinker -dependency_info -Xlinker /Users/skandavyas/Sonexis/.build/ReleaseAudit/Build/Intermediates.noindex/Sonexis.build/Release/Sonexis.build/Objects-normal/x86_64/Sonexis_dependency_info.dat -fobjc-arc -fobjc-link-runtime -L/Applications/Xcode.app/Contents/Developer/Toolchains/XcodeDefault.xctoolchain/usr/lib/swift/macosx -L/usr/lib/swift -Xlinker -add_ast_path -Xlinker /Users/skandavyas/Sonexis/.build/ReleaseAudit/Build/Intermediates.noindex/Sonexis.build/Release/Sonexis.build/Objects-normal/x86_64/Sonexis.swiftmodule @/Users/skandavyas/Sonexis/.build/ReleaseAudit/Build/Intermediates.noindex/Sonexis.build/Release/Sonexis.build/Objects-normal/x86_64/Sonexis-linker-args.resp -framework Accelerate -o /Users/skandavyas/Sonexis/.build/ReleaseAudit/Build/Intermediates.noindex/Sonexis.build/Release/Sonexis.build/Objects-normal/x86_64/Binary/Sonexis

CreateUniversalBinary /Users/skandavyas/Sonexis/.build/ReleaseAudit/Build/Products/Release/Sonexis.app/Contents/MacOS/Sonexis normal arm64\ x86_64 (in target 'Sonexis' from project 'Sonexis')
    cd /Users/skandavyas/Sonexis
    /Applications/Xcode.app/Contents/Developer/Toolchains/XcodeDefault.xctoolchain/usr/bin/lipo -create /Users/skandavyas/Sonexis/.build/ReleaseAudit/Build/Intermediates.noindex/Sonexis.build/Release/Sonexis.build/Objects-normal/arm64/Binary/Sonexis /Users/skandavyas/Sonexis/.build/ReleaseAudit/Build/Intermediates.noindex/Sonexis.build/Release/Sonexis.build/Objects-normal/x86_64/Binary/Sonexis -output /Users/skandavyas/Sonexis/.build/ReleaseAudit/Build/Products/Release/Sonexis.app/Contents/MacOS/Sonexis

CopySwiftLibs /Users/skandavyas/Sonexis/.build/ReleaseAudit/Build/Products/Release/Sonexis.app (in target 'Sonexis' from project 'Sonexis')
    cd /Users/skandavyas/Sonexis
    builtin-swiftStdLibTool --copy --verbose --scan-executable /Users/skandavyas/Sonexis/.build/ReleaseAudit/Build/Products/Release/Sonexis.app/Contents/MacOS/Sonexis --scan-folder /Users/skandavyas/Sonexis/.build/ReleaseAudit/Build/Products/Release/Sonexis.app/Contents/Frameworks --scan-folder /Users/skandavyas/Sonexis/.build/ReleaseAudit/Build/Products/Release/Sonexis.app/Contents/PlugIns --scan-folder /Users/skandavyas/Sonexis/.build/ReleaseAudit/Build/Products/Release/Sonexis.app/Contents/Library/SystemExtensions --scan-folder /Users/skandavyas/Sonexis/.build/ReleaseAudit/Build/Products/Release/Sonexis.app/Contents/Extensions --scan-folder /Applications/Xcode.app/Contents/Developer/Platforms/MacOSX.platform/Developer/SDKs/MacOSX26.5.sdk/System/Library/Frameworks/Accelerate.framework --platform macosx --toolchain /Applications/Xcode.app/Contents/Developer/Toolchains/XcodeDefault.xctoolchain --destination /Users/skandavyas/Sonexis/.build/ReleaseAudit/Build/Products/Release/Sonexis.app/Contents/Frameworks --strip-bitcode --strip-bitcode-tool /Applications/Xcode.app/Contents/Developer/Toolchains/XcodeDefault.xctoolchain/usr/bin/bitcode_strip --emit-dependency-info /Users/skandavyas/Sonexis/.build/ReleaseAudit/Build/Intermediates.noindex/Sonexis.build/Release/Sonexis.build/SwiftStdLibToolInputDependencies.dep --filter-for-swift-os --back-deploy-swift-span
Ignoring --strip-bitcode because --sign was not passed

ExtractAppIntentsMetadata (in target 'Sonexis' from project 'Sonexis')
    cd /Users/skandavyas/Sonexis
    /Applications/Xcode.app/Contents/Developer/Toolchains/XcodeDefault.xctoolchain/usr/bin/appintentsmetadataprocessor --toolchain-dir /Applications/Xcode.app/Contents/Developer/Toolchains/XcodeDefault.xctoolchain --module-name Sonexis --sdk-root /Applications/Xcode.app/Contents/Developer/Platforms/MacOSX.platform/Developer/SDKs/MacOSX26.5.sdk --xcode-version 17F113 --platform-family macOS --deployment-target 14.4 --bundle-identifier com.sonexis.app --output /Users/skandavyas/Sonexis/.build/ReleaseAudit/Build/Products/Release/Sonexis.app/Contents/Resources --target-triple arm64-apple-macos14.4 --target-triple x86_64-apple-macos14.4 --binary-file /Users/skandavyas/Sonexis/.build/ReleaseAudit/Build/Products/Release/Sonexis.app/Contents/MacOS/Sonexis --dependency-file /Users/skandavyas/Sonexis/.build/ReleaseAudit/Build/Intermediates.noindex/Sonexis.build/Release/Sonexis.build/Objects-normal/arm64/Sonexis_dependency_info.dat --dependency-file /Users/skandavyas/Sonexis/.build/ReleaseAudit/Build/Intermediates.noindex/Sonexis.build/Release/Sonexis.build/Objects-normal/x86_64/Sonexis_dependency_info.dat --stringsdata-file /Users/skandavyas/Sonexis/.build/ReleaseAudit/Build/Intermediates.noindex/Sonexis.build/Release/Sonexis.build/Objects-normal/arm64/ExtractedAppShortcutsMetadata.stringsdata --stringsdata-file /Users/skandavyas/Sonexis/.build/ReleaseAudit/Build/Intermediates.noindex/Sonexis.build/Release/Sonexis.build/Objects-normal/x86_64/ExtractedAppShortcutsMetadata.stringsdata --source-file-list /Users/skandavyas/Sonexis/.build/ReleaseAudit/Build/Intermediates.noindex/Sonexis.build/Release/Sonexis.build/Objects-normal/arm64/Sonexis.SwiftFileList --source-file-list /Users/skandavyas/Sonexis/.build/ReleaseAudit/Build/Intermediates.noindex/Sonexis.build/Release/Sonexis.build/Objects-normal/x86_64/Sonexis.SwiftFileList --metadata-file-list /Users/skandavyas/Sonexis/.build/ReleaseAudit/Build/Intermediates.noindex/Sonexis.build/Release/Sonexis.build/Sonexis.DependencyMetadataFileList --static-metadata-file-list /Users/skandavyas/Sonexis/.build/ReleaseAudit/Build/Intermediates.noindex/Sonexis.build/Release/Sonexis.build/Sonexis.DependencyStaticMetadataFileList --swift-const-vals-list /Users/skandavyas/Sonexis/.build/ReleaseAudit/Build/Intermediates.noindex/Sonexis.build/Release/Sonexis.build/Objects-normal/arm64/Sonexis.SwiftConstValuesFileList --swift-const-vals-list /Users/skandavyas/Sonexis/.build/ReleaseAudit/Build/Intermediates.noindex/Sonexis.build/Release/Sonexis.build/Objects-normal/x86_64/Sonexis.SwiftConstValuesFileList --compile-time-extraction --deployment-aware-processing --validate-assistant-intents --no-app-shortcuts-localization
2026-09-10 01:39:35.388 appintentsmetadataprocessor[58879:3231999] Starting appintentsmetadataprocessor export
2026-09-10 01:39:35.394 appintentsmetadataprocessor[58879:3231999] warning: Metadata extraction skipped. No AppIntents.framework dependency found.

GenerateDSYMFile /Users/skandavyas/Sonexis/.build/ReleaseAudit/Build/Products/Release/Sonexis.app.dSYM /Users/skandavyas/Sonexis/.build/ReleaseAudit/Build/Products/Release/Sonexis.app/Contents/MacOS/Sonexis (in target 'Sonexis' from project 'Sonexis')
    cd /Users/skandavyas/Sonexis
    /Applications/Xcode.app/Contents/Developer/Toolchains/XcodeDefault.xctoolchain/usr/bin/dsymutil /Users/skandavyas/Sonexis/.build/ReleaseAudit/Build/Products/Release/Sonexis.app/Contents/MacOS/Sonexis -o /Users/skandavyas/Sonexis/.build/ReleaseAudit/Build/Products/Release/Sonexis.app.dSYM

RegisterExecutionPolicyException /Users/skandavyas/Sonexis/.build/ReleaseAudit/Build/Products/Release/Sonexis.app (in target 'Sonexis' from project 'Sonexis')
    cd /Users/skandavyas/Sonexis
    builtin-RegisterExecutionPolicyException /Users/skandavyas/Sonexis/.build/ReleaseAudit/Build/Products/Release/Sonexis.app

Validate /Users/skandavyas/Sonexis/.build/ReleaseAudit/Build/Products/Release/Sonexis.app (in target 'Sonexis' from project 'Sonexis')
    cd /Users/skandavyas/Sonexis
    builtin-validationUtility /Users/skandavyas/Sonexis/.build/ReleaseAudit/Build/Products/Release/Sonexis.app -no-validate-extension -infoplist-subpath Contents/Info.plist

RegisterWithLaunchServices /Users/skandavyas/Sonexis/.build/ReleaseAudit/Build/Products/Release/Sonexis.app (in target 'Sonexis' from project 'Sonexis')
    cd /Users/skandavyas/Sonexis
    /System/Library/Frameworks/CoreServices.framework/Versions/Current/Frameworks/LaunchServices.framework/Versions/Current/Support/lsregister -f -R -trusted /Users/skandavyas/Sonexis/.build/ReleaseAudit/Build/Products/Release/Sonexis.app

Touch /Users/skandavyas/Sonexis/.build/ReleaseAudit/Build/Products/Release/Sonexis.app (in target 'Sonexis' from project 'Sonexis')
    cd /Users/skandavyas/Sonexis
    /usr/bin/touch -c /Users/skandavyas/Sonexis/.build/ReleaseAudit/Build/Products/Release/Sonexis.app

** BUILD SUCCEEDED **

